21573	21573	0
22054	22054	0
24103	24103	0
24260	24260	0
25962	25962	0
CE01544376	CE01544376	0
DH00680828	DH00680828	0
FD00222433	FD00222433	0
KOR-K2016-0215	KOR-K2016-0215	0
NE00095715	NE00095715	0
OC00061697	OC00061697	0
QF00383820	QF00383820	0
QH00201945	QH00201945	0
SAMEA10029750	ERR7910844	0
SAMEA10029753	ERR7910847,ERR7910848	0
SAMEA104362063	ERR2184222,ERR9029914	0
SAMEA104362069	ERR2184228,ERR9029916	0
SAMEA104362086	ERR2184245,ERR9029917	0
SAMEA104362087	ERR2184246,ERR9029918	0
SAMEA104362144	ERR2184303	0
SAMEA104362145	ERR2184304	0
SAMEA104362153	ERR2184312	0
SAMEA104362169	ERR2184328	0
SAMEA104362172	ERR2184331	0
SAMEA104362175	ERR2184334	0
SAMEA104362193	ERR2184352	0
SAMEA104362260	ERR2184419,ERR9029920	0
SAMEA104362262	ERR2184421,ERR9029919	0
SAMEA104362268	ERR2184427,ERR9029924	0
SAMEA104362303	ERR2184462,ERR9029930	0
SAMEA104362319	ERR2184478,ERR9029931	0
SAMEA104362334	ERR2184493,ERR9029932	0
SAMEA104362376	ERR2184535,ERR9029921	0
SAMEA104362398	ERR2184557,ERR9029927	0
SAMEA104362427	ERR2184586,ERR9029929	0
SAMEA104362473	ERR2184632	0
SAMEA104362495	ERR2184654	0
SAMEA104362508	ERR2184667,ERR9029928	0
SAMEA11006572	ERR7361909	0
SAMEA11006581	ERR7361918	0
SAMEA11006622	ERR7361959	0
SAMEA11006624	ERR7361961	0
SAMEA11006627	ERR7361964	0
SAMEA11006632	ERR7361969	0
SAMEA11006635	ERR7361972	0
SAMEA11006636	ERR7361973	0
SAMEA11006645	ERR7361982	0
SAMEA11006647	ERR7361984	0
SAMEA11006659	ERR7361996	0
SAMEA11006663	ERR7362000	0
SAMEA11006669	ERR7362005	0
SAMEA11006674	ERR7362010	0
SAMEA11006677	ERR7362013	0
SAMEA11006695	ERR7362031	0
SAMEA11006699	ERR7362035	0
SAMEA11006702	ERR7362038	0
SAMEA11006703	ERR7362039	0
SAMEA1103129	ERR2510855	0
SAMEA1103140	ERR2510866	0
SAMEA112181226	ERR10610055	0
SAMEA112181227	ERR10610122	0
SAMEA112181234	ERR10610242	0
SAMEA112181235	ERR10610368	0
SAMEA112181236	ERR10610331	0
SAMEA112181240	ERR10610160	0
SAMEA112181244	ERR10610153	0
SAMEA112181245	ERR10610203	0
SAMEA112181246	ERR10610262	0
SAMEA112181247	ERR10610250	0
SAMEA112181248	ERR10610183	0
SAMEA112181250	ERR10610049	0
SAMEA112181252	ERR10610335	0
SAMEA112181253	ERR10610048	0
SAMEA112181254	ERR10610151	0
SAMEA112181255	ERR10610339	0
SAMEA112181256	ERR10610101	0
SAMEA112181258	ERR10610078	0
SAMEA112181259	ERR10610249	0
SAMEA112181260	ERR10610334	0
SAMEA112181267	ERR10610264	0
SAMEA112181269	ERR10610205	0
SAMEA112181270	ERR10610344	0
SAMEA112181275	ERR10610350	0
SAMEA112181276	ERR10610085	0
SAMEA112181277	ERR10610148	0
SAMEA112181281	ERR10610133	0
SAMEA112181283	ERR10610230	0
SAMEA112181285	ERR10610257	0
SAMEA112181292	ERR10610090	0
SAMEA112181295	ERR10610060	0
SAMEA112181300	ERR10610366	0
SAMEA112181301	ERR10610044	0
SAMEA112181303	ERR10610178	0
SAMEA112181304	ERR10610184	0
SAMEA112181308	ERR10610042	0
SAMEA112181319	ERR10610175	0
SAMEA112181320	ERR10610211	0
SAMEA112181375	ERR10610348	0
SAMEA112181418	ERR10610117	0
SAMEA112181421	ERR10610251	0
SAMEA114089368	ERR11774993	0
SAMEA114090065	ERR11774834	0
SAMEA114090107	ERR11774885	0
SAMEA2533642	ERR551023,ERR551024	0
SAMEA2533665	ERR551055,ERR551056	0
SAMEA2533757	ERR551180,ERR551181,ERR551182	0
SAMEA2534135	ERR551709,ERR551710,ERR551711	0
SAMEA2534321	ERR551965,ERR551966,ERR551967	0
SAMEA2534462	ERR552172,ERR552173,ERR552174	0
SAMEA2534556	ERR552305,ERR552306,ERR552307	0
SAMEA2534569	ERR552328,ERR552329,ERR552330	0
SAMEA2534671	ERR552470,ERR552471,ERR552472	0
SAMEA2534701	ERR552515,ERR552516	0
SAMEA2534891	ERR552768,ERR552769	0
SAMEA3558163	ERR1213878	0
SAMEA3558165	ERR1213880	0
SAMEA3558189	ERR1034656,ERR1213904	0
SAMEA3558219	ERR1213934	0
SAMEA3558220	ERR1213935	0
SAMEA3558224	ERR1034691,ERR1213939	0
SAMEA36325168	ERR11083026,ERR1768642	0
SAMEA5282418	ERR3132168	0
SAMEA5569510	ERR3287317,ERR9029862	0
SAMEA5569520	ERR3287327,ERR9029863	0
SAMEA5569539	ERR3287346,ERR9029864	0
SAMEA5569575	ERR3287382,ERR9029865	0
SAMEA5569632	ERR3287439,ERR9029866	0
SAMEA5569642	ERR3287449,ERR9029867	0
SAMEA5569651	ERR3287458,ERR9029860	0
SAMEA5569681	ERR3287488,ERR9029861	0
SAMEA5569694	ERR3287501	0
SAMEA5569750	ERR3287557	0
SAMEA5569751	ERR3287558	0
SAMEA5569759	ERR3287566	0
SAMEA5569798	ERR3287605,ERR9029852	0
SAMEA5569801	ERR3287608,ERR9029853	0
SAMEA5569803	ERR3287610,ERR9029854	0
SAMEA5569827	ERR3287634,ERR9029855	0
SAMEA5569828	ERR3287635,ERR9029856	0
SAMEA5569854	ERR3287661,ERR9029857	0
SAMEA5569879	ERR3287686,ERR9029858	0
SAMEA5569880	ERR3287687,ERR9029859	0
SAMEA5569891	ERR3287698,ERR9029868	0
SAMEA5569904	ERR3287711,ERR9029869	0
SAMEA5569911	ERR9029845	0
SAMEA5569971	ERR3287777,ERR9029846	0
SAMEA5569978	ERR3287784,ERR9029847	0
SAMEA5569995	ERR3287801,ERR9029848	0
SAMEA5569996	ERR3287802,ERR9029849	0
SAMEA5569997	ERR3287803,ERR9029850	0
SAMEA5569998	ERR3287804,ERR9029851	0
SAMEA5570005	ERR3287811,ERR9029871	0
SAMEA5570051	ERR3287857,ERR9029872	0
SAMEA5570060	ERR3287866,ERR9029873	0
SAMEA5570067	ERR3287873,ERR9029874	0
SAMEA6086630	ERR7451300,ERR7451301	0
SAMEA6451303	ERR3794407	0
SAMEA7541496	ERR4808959	0
SAMEA7542379	ERR12119243,ERR4810804	0
SAMEA7543872	ERR12119136,ERR4810813	0
SAMEA7544466	ERR4811406	0
SAMEA7544509	ERR4811449	0
SAMEA7545394	ERR4811891	0
SAMEA7545411	ERR4811908	0
SAMEA7545455	ERR4811951	0
SAMEA7545466	ERR4811962	0
SAMEA7545494	ERR4811990	0
SAMEA7545545	ERR4812041	0
SAMEA7545569	ERR4812065	0
SAMEA7545577	ERR4812073	0
SAMEA7545578	ERR4812074	0
SAMEA7545579	ERR4812075	0
SAMEA7545580	ERR4812076	0
SAMEA7545584	ERR4812080	0
SAMEA7545585	ERR4812081	0
SAMEA7545586	ERR4812082	0
SAMEA7545588	ERR4812084	0
SAMEA7545590	ERR4812086	0
SAMEA7545591	ERR4812087	0
SAMEA7545592	ERR4812088	0
SAMEA7545593	ERR4812089	0
SAMEA7545594	ERR4812090	0
SAMEA7545595	ERR4812091	0
SAMEA7545596	ERR4812092	0
SAMEA7545598	ERR4812094	0
SAMEA7545600	ERR4812096	0
SAMEA7545601	ERR4812097	0
SAMEA7545602	ERR4812098	0
SAMEA7545603	ERR4812099	0
SAMEA7545604	ERR4812100	0
SAMEA7545606	ERR4812102	0
SAMEA7545607	ERR4812103	0
SAMEA7545608	ERR4812104	0
SAMEA7545610	ERR4812106	0
SAMEA7545611	ERR4812107	0
SAMEA7545612	ERR4812108	0
SAMEA7545617	ERR4812113	0
SAMEA7545618	ERR4812114	0
SAMEA7545619	ERR4812115	0
SAMEA7545620	ERR4812116	0
SAMEA7545626	ERR4812122	0
SAMEA7545628	ERR4812124	0
SAMEA7545630	ERR4812126	0
SAMEA7545636	ERR4812132	0
SAMEA7545747	ERR4812243	0
SAMEA7545752	ERR4812248	0
SAMEA7545753	ERR4812249	0
SAMEA7545754	ERR4812250	0
SAMEA7545755	ERR4812251	0
SAMEA7545756	ERR4812252	0
SAMEA7545761	ERR4812257	0
SAMEA7545762	ERR4812258	0
SAMEA7545763	ERR4812259	0
SAMEA7545768	ERR4812264	0
SAMEA7545769	ERR4812265	0
SAMEA7545773	ERR4812269	0
SAMEA7545774	ERR4812270	0
SAMEA7545775	ERR4812271	0
SAMEA7545777	ERR4812273	0
SAMEA7545783	ERR4812279	0
SAMEA7545784	ERR4812280	0
SAMEA7545785	ERR4812281	0
SAMEA7545786	ERR4812282	0
SAMEA7545787	ERR4812283	0
SAMEA7545790	ERR4812286	0
SAMEA7545792	ERR4812288	0
SAMEA7545793	ERR4812289	0
SAMEA7545794	ERR4812290	0
SAMEA7545795	ERR4812291	0
SAMEA7545796	ERR4812292	0
SAMEA7545797	ERR4812293	0
SAMEA7545798	ERR4812294	0
SAMEA7545800	ERR4812296	0
SAMEA7545801	ERR4812297	0
SAMEA7545802	ERR4812298	0
SAMEA7545804	ERR4812300	0
SAMEA7545811	ERR4812307	0
SAMEA7545817	ERR4812313	0
SAMEA7545819	ERR4812315	0
SAMEA7545820	ERR4812316	0
SAMEA7545825	ERR4812321	0
SAMEA7545913	ERR4812409	0
SAMEA7546006	ERR4812502	0
SAMEA7546011	ERR4812507	0
SAMEA7546012	ERR4812508	0
SAMEA7546014	ERR4812510	0
SAMEA7546045	ERR4812541	0
SAMEA7546091	ERR4812587	0
SAMEA7546119	ERR4812615	0
SAMEA7546122	ERR4812618	0
SAMEA7546126	ERR4812622	0
SAMEA7546133	ERR4812629	0
SAMEA7546137	ERR4812633	0
SAMEA7546139	ERR4812635	0
SAMEA7546143	ERR4812639	0
SAMEA7546147	ERR4812643	0
SAMEA7546152	ERR4812648	0
SAMEA7546153	ERR4812649	0
SAMEA7546154	ERR4812650	0
SAMEA7546156	ERR4812652	0
SAMEA7546160	ERR4812656	0
SAMEA7546161	ERR4812657	0
SAMEA7546162	ERR4812658	0
SAMEA7546163	ERR4812659	0
SAMEA7546167	ERR4812663	0
SAMEA7546170	ERR4812665	0
SAMEA7546171	ERR4812666	0
SAMEA7546172	ERR4812667	0
SAMEA7546175	ERR4812670	0
SAMEA7546177	ERR4812672	0
SAMEA7546179	ERR4812674	0
SAMEA7546181	ERR4812676	0
SAMEA7546185	ERR4812680	0
SAMEA7546197	ERR4812692	0
SAMEA7546273	ERR4812768	0
SAMEA7546276	ERR4812771	0
SAMEA7546278	ERR4812773	0
SAMEA7546279	ERR4812774	0
SAMEA7546300	ERR4812795	0
SAMEA7546307	ERR4812802	0
SAMEA7546308	ERR4812803	0
SAMEA7546310	ERR4812805	0
SAMEA7546313	ERR4812808	0
SAMEA7546315	ERR4812810	0
SAMEA7546316	ERR4812811	0
SAMEA7546317	ERR4812812	0
SAMEA7546318	ERR4812813	0
SAMEA7546319	ERR4812814	0
SAMEA7546320	ERR4812815	0
SAMEA7546321	ERR4812816	0
SAMEA7546323	ERR4812818	0
SAMEA7546324	ERR4812819	0
SAMEA7546325	ERR4812820	0
SAMEA7546327	ERR4812822	0
SAMEA7546330	ERR4812825	0
SAMEA7546332	ERR4812827	0
SAMEA7546333	ERR4812828	0
SAMEA7546334	ERR4812829	0
SAMEA7546335	ERR4812830	0
SAMEA7546336	ERR4812831	0
SAMEA7546337	ERR4812832	0
SAMEA7546339	ERR4812834	0
SAMEA7546340	ERR4812835	0
SAMEA7546341	ERR4812836	0
SAMEA7546342	ERR4812837	0
SAMEA7546343	ERR4812838	0
SAMEA7546344	ERR4812839	0
SAMEA7546345	ERR4812840	0
SAMEA7546347	ERR4812842	0
SAMEA7546348	ERR4812843	0
SAMEA7546349	ERR4812844	0
SAMEA7546351	ERR4812846	0
SAMEA7546352	ERR4812847	0
SAMEA7546353	ERR4812848	0
SAMEA7546357	ERR4812852	0
SAMEA7546369	ERR4812864	0
SAMEA7546374	ERR4812869	0
SAMEA7546376	ERR4812871	0
SAMEA7546377	ERR4812872	0
SAMEA7546380	ERR4812875	0
SAMEA7546381	ERR4812876	0
SAMEA7546382	ERR4812877	0
SAMEA7546383	ERR4812878	0
SAMEA7546384	ERR4812879	0
SAMEA7546406	ERR4812901	0
SAMEA7546419	ERR4812914	0
SAMEA7546426	ERR4812921	0
SAMEA7546457	ERR4812952	0
SAMEA7546471	ERR4812966	0
SAMEA7546476	ERR4812971	0
SAMEA7546498	ERR4812993	0
SAMEA7546500	ERR4812995	0
SAMEA7546506	ERR4813001	0
SAMEA7546507	ERR4813002	0
SAMEA7546508	ERR4813003	0
SAMEA7546509	ERR4813004	0
SAMEA7546512	ERR4813007	0
SAMEA7546514	ERR4813009	0
SAMEA7546515	ERR4813010	0
SAMEA7546516	ERR4813011	0
SAMEA7546518	ERR4813013	0
SAMEA7546519	ERR4813014	0
SAMEA7546522	ERR4813017	0
SAMEA7546523	ERR4813018	0
SAMEA7546524	ERR4813019	0
SAMEA7546525	ERR4813020	0
SAMEA7546526	ERR4813021	0
SAMEA7546527	ERR4813022	0
SAMEA7546528	ERR4813023	0
SAMEA7546530	ERR4813025	0
SAMEA7546531	ERR4813026	0
SAMEA7546534	ERR4813029	0
SAMEA7546541	ERR4813036	0
SAMEA7546546	ERR4813041	0
SAMEA7546552	ERR4813047	0
SAMEA7546554	ERR4813049	0
SAMEA7546555	ERR4813050	0
SAMEA7546556	ERR4813051	0
SAMEA7546557	ERR4813052	0
SAMEA7546558	ERR4813053	0
SAMEA7546562	ERR4813057	0
SAMEA7546564	ERR4813059	0
SAMEA7546565	ERR4813060	0
SAMEA7546577	ERR4813072	0
SAMEA7546748	ERR4813243	0
SAMEA7546775	ERR4813270	0
SAMEA7546800	ERR4813295	0
SAMEA7546807	ERR4813302	0
SAMEA7546809	ERR4813304	0
SAMEA7546816	ERR4813311	0
SAMEA7546820	ERR4813315	0
SAMEA7546822	ERR4813317	0
SAMEA7546825	ERR4813320	0
SAMEA7546828	ERR4813323	0
SAMEA7546829	ERR4813324	0
SAMEA7546832	ERR4813327	0
SAMEA7546833	ERR4813328	0
SAMEA7546834	ERR4813329	0
SAMEA7546835	ERR4813330	0
SAMEA7546837	ERR4813332	0
SAMEA7546840	ERR4813335	0
SAMEA7546841	ERR4813336	0
SAMEA7546842	ERR4813337	0
SAMEA7546843	ERR4813338	0
SAMEA7546844	ERR4813339	0
SAMEA7546845	ERR4813340	0
SAMEA7546848	ERR4813343	0
SAMEA7546849	ERR4813344	0
SAMEA7546850	ERR4813345	0
SAMEA7546851	ERR4813346	0
SAMEA7546852	ERR4813347	0
SAMEA7546853	ERR4813348	0
SAMEA7546856	ERR4813351	0
SAMEA7546857	ERR4813352	0
SAMEA7546859	ERR4813354	0
SAMEA7546860	ERR4813355	0
SAMEA7546864	ERR4813359	0
SAMEA7546865	ERR4813360	0
SAMEA7546866	ERR4813361	0
SAMEA7546868	ERR4813363	0
SAMEA7546871	ERR4813366	0
SAMEA7546872	ERR4813367	0
SAMEA7546881	ERR4813376	0
SAMEA7546884	ERR4813379	0
SAMEA7546984	ERR4813478	0
SAMEA7546985	ERR4813479	0
SAMEA7546986	ERR4813480	0
SAMEA7546987	ERR4813481	0
SAMEA7546988	ERR4813482	0
SAMEA7546990	ERR4813484	0
SAMEA7546991	ERR4813485	0
SAMEA7546992	ERR4813486	0
SAMEA7546993	ERR4813487	0
SAMEA7546994	ERR4813488	0
SAMEA7546995	ERR4813489	0
SAMEA7546996	ERR4813490	0
SAMEA7546998	ERR4813492	0
SAMEA7546999	ERR4813493	0
SAMEA7547000	ERR4813494	0
SAMEA7547001	ERR4813495	0
SAMEA7547002	ERR4813496	0
SAMEA7547003	ERR4813497	0
SAMEA7547004	ERR4813498	0
SAMEA7547006	ERR4813500	0
SAMEA7547008	ERR4813502	0
SAMEA7547009	ERR4813503	0
SAMEA7547010	ERR4813504	0
SAMEA7547011	ERR4813505	0
SAMEA7547015	ERR4813509	0
SAMEA7547016	ERR4813510	0
SAMEA7547017	ERR4813511	0
SAMEA7547018	ERR4813512	0
SAMEA7547020	ERR4813514	0
SAMEA7547022	ERR4813516	0
SAMEA7547023	ERR4813517	0
SAMEA7547025	ERR4813519	0
SAMEA7547026	ERR4813520	0
SAMEA7547027	ERR4813521	0
SAMEA7547028	ERR4813522	0
SAMEA7547029	ERR4813523	0
SAMEA7547030	ERR4813524	0
SAMEA7547031	ERR4813525	0
SAMEA7547032	ERR4813526	0
SAMEA7547038	ERR4813532	0
SAMEA7547040	ERR4813534	0
SAMEA7547044	ERR4813538	0
SAMEA7547052	ERR4813546	0
SAMEA7547356	ERR4813850	0
SAMEA7547357	ERR4813851	0
SAMEA7547377	ERR4813871,ERR4813871	0
SAMEA7547385	ERR4813879	0
SAMEA7547386	ERR4813880	0
SAMEA7547387	ERR4813881	0
SAMEA7547388	ERR4813882	0
SAMEA7547389	ERR4813883	0
SAMEA7547391	ERR4813885	0
SAMEA7547393	ERR4813887	0
SAMEA7547395	ERR4813889	0
SAMEA7547396	ERR4813890	0
SAMEA7547397	ERR4813891	0
SAMEA7547399	ERR4813893	0
SAMEA7547400	ERR4813894	0
SAMEA7547401	ERR4813895	0
SAMEA7547402	ERR4813896	0
SAMEA7547403	ERR4813897	0
SAMEA7547404	ERR4813898	0
SAMEA7547405	ERR4813899	0
SAMEA7547407	ERR4813901	0
SAMEA7547408	ERR4813902	0
SAMEA7547410	ERR4813904	0
SAMEA7547411	ERR4813905	0
SAMEA7547416	ERR4813910	0
SAMEA7547418	ERR4813912	0
SAMEA7547421	ERR4813915	0
SAMEA7547427	ERR4813921	0
SAMEA7547428	ERR4813922	0
SAMEA7547445	ERR4813939	0
SAMEA7547561	ERR4814055	0
SAMEA7547562	ERR4814056	0
SAMEA7547563	ERR4814057	0
SAMEA7547564	ERR4814058	0
SAMEA7547565	ERR4814059	0
SAMEA7547567	ERR4814061	0
SAMEA7547568	ERR4814062	0
SAMEA7547570	ERR4814064	0
SAMEA7547572	ERR4814066	0
SAMEA7547573	ERR4814067	0
SAMEA7547574	ERR4814068	0
SAMEA7547575	ERR4814069	0
SAMEA7547576	ERR4814070	0
SAMEA7547577	ERR4814071	0
SAMEA7547578	ERR4814072	0
SAMEA7547579	ERR4814073	0
SAMEA7547580	ERR4814074	0
SAMEA7547581	ERR4814075	0
SAMEA7547583	ERR4814077	0
SAMEA7547584	ERR4814078	0
SAMEA7547585	ERR4814079	0
SAMEA7547586	ERR4814080	0
SAMEA7547587	ERR4814081	0
SAMEA7547588	ERR4814082	0
SAMEA7547589	ERR4814083	0
SAMEA7547591	ERR4814085	0
SAMEA7547592	ERR4814086	0
SAMEA7547593	ERR4814087	0
SAMEA7547594	ERR4814088	0
SAMEA7547595	ERR4814089	0
SAMEA7547596	ERR4814090	0
SAMEA7547597	ERR4814091	0
SAMEA7547600	ERR4814094	0
SAMEA7547601	ERR4814095	0
SAMEA7547602	ERR4814096	0
SAMEA7547603	ERR4814097	0
SAMEA7547604	ERR4814098	0
SAMEA7547605	ERR4814099	0
SAMEA7547608	ERR4814102	0
SAMEA7547609	ERR4814103	0
SAMEA7547610	ERR4814104	0
SAMEA7547611	ERR4814105	0
SAMEA7547612	ERR4814106	0
SAMEA7547613	ERR4814107	0
SAMEA7547616	ERR4814110	0
SAMEA7547618	ERR4814112	0
SAMEA7547619	ERR4814113	0
SAMEA7547620	ERR4814114	0
SAMEA7547621	ERR4814115	0
SAMEA7547625	ERR4814119	0
SAMEA7547626	ERR4814120	0
SAMEA7547627	ERR4814121	0
SAMEA7547628	ERR4814122	0
SAMEA7547629	ERR4814123	0
SAMEA7547634	ERR4814128	0
SAMEA7547635	ERR4814129	0
SAMEA7547636	ERR4814130	0
SAMEA7547637	ERR4814131	0
SAMEA7560581	ERR4828144	0
SAMEA7560656	ERR4828219	0
SAMEA7560660	ERR4828223	0
SAMEA7560672	ERR4828235	0
SAMEA7560680	ERR4828243	0
SAMEA7560694	ERR4828257	0
SAMEA7560699	ERR4828262	0
SAMEA7560702	ERR4828265	0
SAMEA7560703	ERR4828266	0
SAMEA7560705	ERR4828268	0
SAMEA7560708	ERR4828271	0
SAMEA7560712	ERR4828275,ERR4828275	0
SAMEA7560716	ERR4828279	0
SAMEA7560726	ERR4828289	0
SAMEA7560729	ERR4828292	0
SAMEA7560795	ERR4828358	0
SAMEA7560802	ERR4828365	0
SAMEA7560804	ERR4828367	0
SAMEA7560822	ERR4828385	0
SAMEA7560824	ERR4828387	0
SAMEA7560846	ERR4828409	0
SAMEA7560863	ERR4828426	0
SAMEA7560864	ERR4828427	0
SAMEA7560871	ERR4828434	0
SAMEA7560874	ERR4828437	0
SAMEA7560876	ERR4828439	0
SAMEA7560877	ERR4828440	0
SAMEA7560880	ERR4828443	0
SAMEA7560884	ERR4828447	0
SAMEA7560886	ERR4828449	0
SAMEA7560888	ERR4828451	0
SAMEA7560892	ERR4828455	0
SAMEA7560897	ERR4828460	0
SAMEA7560901	ERR4828464	0
SAMEA7560903	ERR4828466	0
SAMEA7560914	ERR4828477	0
SAMEA7560926	ERR4828489	0
SAMEA7560927	ERR4828490	0
SAMEA7560931	ERR4828494	0
SAMEA7560947	ERR4828510,ERR4828510	0
SAMEA7561045	ERR4828608	0
SAMEA7561067	ERR4828630	0
SAMEA7561087	ERR4828650	0
SAMEA7561105	ERR4828668	0
SAMEA7561116	ERR4828679	0
SAMEA7561119	ERR4828682	0
SAMEA7561124	ERR4828687,ERR4828687	0
SAMEA7561135	ERR4828698	0
SAMEA7561216	ERR4828778	0
SAMEA7561220	ERR4828782	0
SAMEA7561225	ERR4828787	0
SAMEA7561226	ERR4828788	0
SAMEA7561227	ERR4828789	0
SAMEA7561234	ERR4828796	0
SAMEA7561239	ERR4828801	0
SAMEA7561241	ERR4828803,ERR4828803	0
SAMEA7561285	ERR4828847	0
SAMEA7561297	ERR4828859	0
SAMEA7561326	ERR4828888	0
SAMEA7561382	ERR4828944	0
SAMEA7561390	ERR4828952	0
SAMEA7561393	ERR4828955	0
SAMEA7561396	ERR4828958	0
SAMEA7561473	ERR4829035	0
SAMEA7561481	ERR4829043	0
SAMEA7561483	ERR4829045	0
SAMEA7561916	ERR4829478	0
SAMEA7562370	ERR4829931	0
SAMEA7562387	ERR4829948	0
SAMEA7562974	ERR4830534	0
SAMEA7562975	ERR4830535	0
SAMEA7562976	ERR4830536	0
SAMEA7563651	ERR4831210	0
SAMEA7563652	ERR12119258,ERR4831211	0
SAMEA7563653	ERR4831212	0
SAMEA7563654	ERR4831213	0
SAMEA7563655	ERR12119244,ERR4831214	0
SAMEA7563656	ERR12119253,ERR4831215	0
SAMEA7563657	ERR12119251,ERR4831216	0
SAMEA7563658	ERR12119247,ERR4831217	0
SAMEA7563659	ERR4831218	0
SAMEA7563660	ERR12119248,ERR4831219	0
SAMEA7563661	ERR12119249,ERR4831220	0
SAMEA7563662	ERR12119255,ERR4831221	0
SAMEA7563663	ERR12119254,ERR4831222	0
SAMEA7563664	ERR12119257,ERR4831223	0
SAMEA7563665	ERR12119252,ERR4831224	0
SAMEA7563991	ERR4831635	0
SAMEA7564031	ERR4831716	0
SAMEA7564032	ERR4831717	0
SAMEA7564033	ERR4831718	0
SAMEA7564034	ERR4831719	0
SAMEA7564039	ERR4831724	0
SAMEA7564040	ERR4831725	0
SAMEA7564042	ERR4831727	0
SAMEA7564055	ERR4831740	0
SAMEA7564056	ERR4831741	0
SAMEA7564058	ERR4831743	0
SAMEA7564059	ERR4831744	0
SAMEA7564060	ERR4831745	0
SAMEA7564061	ERR4831746	0
SAMEA7564074	ERR4831759	0
SAMEA7564100	ERR4831785	0
SAMEA7564111	ERR4831796	0
SAMEA7564127	ERR4831812	0
SAMEA7564133	ERR4831818	0
SAMEA7564140	ERR4831825	0
SAMEA7564203	ERR4831887	0
SAMEA7564205	ERR4831889	0
SAMEA7564206	ERR4831890	0
SAMEA7564207	ERR4831891	0
SAMEA7564214	ERR4831898	0
SAMEA7564217	ERR4831901	0
SAMEA7564222	ERR4831906	0
SAMEA7564254	ERR4831938	0
SAMEA7564288	ERR4831972	0
SAMEA7564292	ERR4831976	0
SAMEA7564303	ERR4831987	0
SAMEA7564305	ERR4831989	0
SAMEA7564307	ERR4831991	0
SAMEA7564314	ERR4831998	0
SAMEA7564356	ERR4832040	0
SAMEA7564362	ERR4832046	0
SAMEA7564366	ERR4832050	0
SAMEA7564368	ERR4832052	0
SAMEA7564369	ERR4832053	0
SAMEA7564370	ERR4832054	0
SAMEA7564377	ERR4832061	0
SAMEA8718370	ERR8975119	0
SAMEA8718376	ERR8975125	0
SAMEA8718378	ERR8975127	0
SAMEA8718380	ERR8975129	0
SAMEA8718382	ERR8975131	0
SAMEA8718383	ERR8975132	0
SAMEA8718386	ERR8975135	0
SAMEA8718388	ERR8975137	0
SAMEA8718389	ERR8975138	0
SAMEA8718391	ERR8975140	0
SAMEA8718392	ERR8975141	0
SAMEA8718393	ERR8975142	0
SAMEA8718396	ERR8975145	0
SAMEA8718397	ERR8975146	0
SAMEA8718399	ERR8975148	0
SAMEA8718402	ERR8975151	0
SAMEA8718404	ERR8975153	0
SAMEA8718405	ERR8975154	0
SAMEA8718406	ERR8975155	0
SAMEA8718409	ERR8975158	0
SAMEA8718410	ERR8975159	0
SAMEA8718414	ERR8975163	0
SAMEA8718415	ERR8975164	0
SAMEA8718416	ERR8975165	0
SAMEA8718417	ERR8975166	0
SAMEA8718421	ERR8975169	0
SAMEA8718422	ERR8975170	0
SAMEA8718423	ERR8975171	0
SAMEA8718424	ERR8975172	0
SAMEA8718425	ERR8975173	0
SAMEA8718426	ERR8975174	0
SAMEA8718430	ERR8975178	0
SAMEA8718431	ERR8975179	0
SAMEA8718432	ERR8975180	0
SAMEA8718433	ERR8975181	0
SAMEA8718434	ERR8975182	0
SAMEA8718435	ERR8975183	0
SAMEA8718437	ERR8975185	0
SAMEA8718438	ERR8975186	0
SAMEA8718439	ERR8975187	0
SAMEA8718440	ERR8975188	0
SAMEA8718441	ERR8975189	0
SAMEA8718442	ERR8975190	0
SAMEA8741401	ERR8665502	0
SAMEA8741402	ERR8665504	0
SAMEA8741403	ERR8665506	0
SAMEA8741404	ERR8665507,ERR8665508,ERR8665509,ERR8665510	0
SAMEA8741405	ERR8665511,ERR8665512	0
SAMEA8741407	ERR8665516	0
SAMEA8741408	ERR8665517,ERR8665518	0
SAMEA8741418	ERR8665529	0
SAMEA8741420	ERR8665532	0
SAMEA8741421	ERR8665534	0
SAMEA8741429	ERR8665544	0
SAMEA8741431	ERR8665548	0
SAMEA8741434	ERR8665552	0
SAMEA8741444	ERR8665564	0
SAMEA8741445	ERR8665566	0
SAMEA8741447	ERR8665568,ERR8665570	0
SAMEA8741459	ERR8665583,ERR8665584,ERR8665585	0
SAMEA8741461	ERR8665587,ERR8665589	0
SAMEA8741469	ERR8665597,ERR8665599	0
SAMEA8741477	ERR8665607,ERR8665608,ERR8665609	0
SAMEA8741489	ERR8665621,ERR8665622	0
SAMEA8741490	ERR8665623,ERR8665624	0
SAMEA8741491	ERR8665625,ERR8665626	0
SAMEA8741492	ERR8665627,ERR8665628	0
SAMEA8741494	ERR8665631,ERR8665632	0
SAMEA8741495	ERR8665633,ERR8665634	0
SAMEA8741496	ERR8665635,ERR8665636	0
SAMEA8741497	ERR8665637,ERR8665638	0
SAMEA8741498	ERR8665640	0
SAMEA8741499	ERR8665641,ERR8665642	0
SAMEA8741500	ERR8665643,ERR8665644	0
SAMEA8741501	ERR8665646	0
SAMEA8741502	ERR8665647,ERR8665648	0
SAMEA8741503	ERR8665649,ERR8665650	0
SAMEA8741504	ERR8665651,ERR8665652	0
SAMEA8741505	ERR8665654	0
SAMEA8741506	ERR8665656	0
SAMEA8741507	ERR8665657,ERR8665658	0
SAMEA8741508	ERR8665659,ERR8665660	0
SAMEA8741509	ERR8665661,ERR8665662	0
SAMEA8741510	ERR8665664	0
SAMEA8741511	ERR8665666	0
SAMEA8741512	ERR8665667,ERR8665668	0
SAMEA8741513	ERR8665669,ERR8665670	0
SAMEA8741514	ERR8665672	0
SAMEA8741515	ERR8665673,ERR8665674	0
SAMEA8741516	ERR8665675,ERR8665676	0
SAMEA8741517	ERR8665677,ERR8665678	0
SAMEA8741519	ERR8665681,ERR8665682	0
SAMEA8741520	ERR8665683,ERR8665684	0
SAMEA8741521	ERR8665685,ERR8665686	0
SAMEA8741522	ERR8665688,ERR8665689	0
SAMEA8741523	ERR8665690,ERR8665691	0
SAMEA8741524	ERR8665692,ERR8665693	0
SAMEA8741525	ERR8665694,ERR8665695	0
SAMEA8741526	ERR8665696,ERR8665697	0
SAMEA8741527	ERR8665698,ERR8665699	0
SAMEA8741528	ERR8665700,ERR8665701	0
SAMEA8741529	ERR8665702,ERR8665703	0
SAMEA8741530	ERR8665704,ERR8665705	0
SAMEA8741531	ERR8665706,ERR8665707	0
SAMEA8741532	ERR8665708,ERR8665709	0
SAMEA8741533	ERR8665710,ERR8665711	0
SAMEA8741534	ERR8665712,ERR8665713	0
SAMEA8741535	ERR8665714,ERR8665715	0
SAMEA8741536	ERR8665716,ERR8665717	0
SAMEA8741537	ERR8665718,ERR8665719	0
SAMEA8741538	ERR8665720,ERR8665721	0
SAMEA8741539	ERR8665722,ERR8665723	0
SAMEA8741540	ERR8665724,ERR8665725	0
SAMEA8741541	ERR8665726,ERR8665727	0
SAMEA8741542	ERR8665728,ERR8665729	0
SAMEA8741543	ERR8665730,ERR8665731	0
SAMEA8741544	ERR8665732,ERR8665733	0
SAMEA8741545	ERR8665734,ERR8665735	0
SAMEA8741546	ERR8665736,ERR8665737	0
SAMEA8741547	ERR8665738,ERR8665739	0
SAMEA8741548	ERR8665740,ERR8665741	0
SAMEA8741549	ERR8665742,ERR8665743	0
SAMEA8741550	ERR8665744,ERR8665745	0
SAMEA8741551	ERR8665746,ERR8665747	0
SAMEA8741552	ERR8665748,ERR8665749	0
SAMEA8741553	ERR8665750,ERR8665751	0
SAMEA8741554	ERR8665752,ERR8665753	0
SAMEA8741555	ERR8665754,ERR8665755	0
SAMEA8741556	ERR8665756,ERR8665757	0
SAMEA8741557	ERR8665758,ERR8665759	0
SAMEA8741558	ERR8665760,ERR8665761	0
SAMEA8741559	ERR8665762,ERR8665763	0
SAMEA8741560	ERR8665764,ERR8665765	0
SAMEA8741561	ERR8665766,ERR8665767	0
SAMEA8741562	ERR8665768,ERR8665770	0
SAMEA8741563	ERR8665771,ERR8665772	0
SAMEA8741564	ERR8665773,ERR8665774	0
SAMEA8741565	ERR8665776	0
SAMEA8741566	ERR8665777,ERR8665778	0
SAMEA8741567	ERR8665779,ERR8665780	0
SAMEA8741568	ERR8665781,ERR8665782	0
SAMEA8741569	ERR8665783,ERR8665784	0
SAMEA8741570	ERR8665785,ERR8665786	0
SAMEA8741571	ERR8665787,ERR8665788	0
SAMEA8741572	ERR8665789,ERR8665790	0
SAMEA8741573	ERR8665791,ERR8665792	0
SAMEA8741574	ERR8665793,ERR8665794	0
SAMEA8741575	ERR8665795,ERR8665796	0
SAMEA8741576	ERR8665797,ERR8665798	0
SAMEA8741696	ERR8665918	0
SAMN02360600	SRR1013642,SRR1013643,SRR1049036,SRR1049037	0
SAMN02360601	SRR1013644,SRR1013645,SRR1049038,SRR1049039	0
SAMN02360602	SRR1013646,SRR1013647,SRR1049042,SRR1049043	0
SAMN02360603	SRR1013648,SRR1013649,SRR1049044,SRR1049045	0
SAMN02360604	SRR1013650,SRR1013651,SRR1049046,SRR1049047	0
SAMN02360605	SRR1013652,SRR1013653,SRR1049048,SRR1049049	0
SAMN02360606	SRR1013654,SRR1013655,SRR1049050,SRR1049051	0
SAMN02360607	SRR1013656,SRR1013657,SRR1049052,SRR1049053	0
SAMN02360608	SRR1013658,SRR1013659,SRR1049054,SRR1049055	0
SAMN02360609	SRR1013660,SRR1013661,SRR1049056,SRR1049057	0
SAMN02380992	SRR1049585,SRR1049586,SRR1062882,SRR1140639	0
SAMN02381000	SRR1049603,SRR1049604,SRR1062890,SRR1140570	0
SAMN02381001	SRR1049605,SRR1049606,SRR1062891,SRR1140579	0
SAMN02381003	SRR1049610,SRR1049611,SRR1062893,SRR1140702	0
SAMN02381004	SRR1062894,SRR1140718	0
SAMN02381006	SRR1049616,SRR1049617,SRR1062896,SRR1140594	0
SAMN02381007	SRR1049618,SRR1049619,SRR1062900,SRR1140682	0
SAMN02381008	SRR1049620,SRR1049621,SRR1062901,SRR1140571	0
SAMN02381040	SRR1049729,SRR1049730,SRR1062930,SRR1140739	0
SAMN02381041	SRR1049731,SRR1049732,SRR1062931,SRR1140572	0
SAMN02381042	SRR1049733,SRR1049734,SRR1062932,SRR1140625	0
SAMN02381044	SRR1049737,SRR1049738,SRR1062934,SRR1140626	0
SAMN02381045	SRR1049739,SRR1049740,SRR1062935,SRR1140587	0
SAMN02381046	SRR1049741,SRR1049742,SRR1062936,SRR1140737	0
SAMN02381048	SRR1049745,SRR1049746,SRR1062938,SRR1140725	0
SAMN02381049	SRR1062939,SRR1140589	0
SAMN04385635	SRR3085325,SRR3086407	0
SAMN04385649	SRR3085262,SRR3086354	0
SAMN04385757	SRR3082114,SRR3085352	0
SAMN07344711	SRR5818567	0
SAMN11179713	SRR8758877	0
SAMN12838340	SRR10177263	0
SAMN12838341	SRR10177262	0
SAMN12838343	SRR10177260	0
SAMN13813810	SRR10868968	0
SAMN13813921	SRR10869204	0
SAMN13814016	SRR10869098	0
SAMN18498613	SRR14088361	0
SAMN18498616	SRR14088350	0
SAMN18498623	SRR14088389	0
SAMN18498626	SRR14088386	0
SAMN18498634	SRR14088377	0
SAMN18498635	SRR14088376	0
SAMN18498636	SRR14088375	0
SAMN18498644	SRR14088366	0
SAMN18498647	SRR14088363	0
SAMN18498648	SRR14088362	0
SAMN18498649	SRR14088360	0
SAMN18498650	SRR14088359	0
SAMN18498655	SRR14088354	0
SAMN18498656	SRR14088353	0
SAMN20395465	SRR15244368	0
SAMN21882558	SRR16100235	0
SAMN21895631	SRR16115030	0
SAMN27761586	SRR18910206	0
SAMN27761658	SRR18910985	0
SAMN27761765	SRR18911124	0
SAMN27762825	SRR18911593	0
SAMN27762828	SRR18911590	0
SAMN27763802	SRR18912556	0
SAMN27764242	SRR18913795	0
SAMN27764243	SRR18913794	0
SAMN27764244	SRR18913793	0
SAMN27764250	SRR18913787	0
SAMN27764275	SRR18913760	0
SAMN27764276	SRR18913759	0
SAMN27764279	SRR18913746	0
SAMN27764280	SRR18913745	0
SAMN27764281	SRR18913744	0
SAMN27764282	SRR18913743	0
SAMN28551749	SRR19317593	0
SAMN30963234	SRR21676947	0
SAMN30964001	SRR21677626	0
SAMN30964751	SRR21678380	0
SAMN30964754	SRR21678365	0
SAMN30964758	SRR21678361	0
SAMN30964759	SRR21678360	0
SAMN30964761	SRR21678378	0
SAMN30964764	SRR21678375	0
SAMN30986565	SRR21685256	0
SAMN31018851	SRR21709848	0
SAMN31034567	SRR21722048	0
SAMN31034574	SRR21722062	0
SAMN37457274	SRR26112052	0
SAMN41415592	SRR29049030,SRR29049031	0
SAMN41685685	SRR29289239	0
SAMN41685699	SRR29289330	0
SAMN41685700	SRR29289324	0
SAMN41685704	SRR29289316	0
SAMN41685716	SRR29289385	0
TH00083947	TH00083947	0
TRL0016762	TRL0016762	0
TRL0022753	TRL0022753	0
TRL0037975	TRL0037975	0
TRL0041018	TRL0041018	0
TRL0043835	TRL0043835	0
TRL0051487	TRL0051487	0
TRL0065056	TRL0065056	0
TRL0079859	TRL0079859	0
TRL0081287	TRL0081287	0
TRL0111034	TRL0111034	0
