SAMN17020056	SRR13232622	1
SAMN17020020	SRR13232398	1
SAMN17020007	SRR13232412	1
SAMN17020003	SRR13232417	1
SAMN17019995	SRR13232425	1
SAMN17019991	SRR13232431	1
SAMN17019938	SRR13232497	1
SAMN17019905	SRR13232661	1
SAMN17019898	SRR13232669	1
SAMN17019897	SRR13232670	1
SAMN17019893	SRR13232676	1
SAMN17019836	SRR13232738	1
SAMN17019835	SRR13232739	1
SAMN17019830	SRR13232745	1
SAMN17019827	SRR13232748	1
SAMN17019814	SRR13232762	1
SAMN17019730	SRR13232625	1
SAMN17019695	SRR13232786	1
SAMN16130543	SRR12708383	1
SAMN13937543	SRR11033724	1
SAMN13937538	SRR11033729	1
SAMN13937536	SRR11033731	1
SAMN13937522	SRR11033742	1
SAMN13937521	SRR11033743	1
SAMN13169767	SRR10380158	1
SAMN13169502	SRR10379998	1
SAMN13208098	SRR10397185	1
SAMN13208095	SRR10397188	1
SAMN13208044	SRR10397244	1
SAMN13208028	SRR10397262	1
SAMN13208025	SRR10397265	1
SAMN13208024	SRR10397266	1
SAMN13207999	SRR10397114	1
SAMN13207998	SRR10397115	1
SAMN13207997	SRR10397116	1
SAMN13207993	SRR10397120	1
SAMN13207960	SRR10397156	1
SAMN13207958	SRR10397159	1
SAMN13207942	SRR10397176	1
SAMN13207941	SRR10397177	1
SAMN13207939	SRR10397180	1
SAMN13207927	SRR10397124	1
SAMN13169777	SRR10380095	1
SAMN13169751	SRR10380207	1
SAMN13169734	SRR10379905	1
SAMN13169723	SRR10379933	1
SAMN13169693	SRR10380044	1
SAMN13169600	SRR10380162	1
SAMN13169548	SRR10379957	1
SAMN13169520	SRR10379986	1
SAMN13169514	SRR10380190	1
SAMN13169497	SRR10379920	1
SAMN13169456	SRR10380240	1
SAMN02419657	SRR1163185,SRR1163286,SRR1169075,SRR1174850	1
SAMN02419638	SRR1163002,SRR1163354,SRR1169044,SRR1172180	1
SAMN02419636	SRR1163079,SRR1163291,SRR1169108,SRR1172352	1
SAMN02419627	SRR1163302,SRR1163430,SRR1169095,SRR1172100	1
SAMN02419619	SRR1163112,SRR1163297,SRR1169019,SRR1172286	1
SAMN02419615	SRR1163126,SRR1163330,SRR1169101,SRR1172405	1
SAMN02419612	SRR1163121,SRR1163404,SRR1168958,SRR1172238	1
SAMN02419586	SRR1159167,SRR1162532,SRR1181095,SRR1181206	1
SAMN02419546	SRR1159171,SRR1162536,SRR1181116,SRR1181203	1
SAMN02419538	SRR1159393,SRR1159818,SRR1181150,SRR1181305	1
SAMN02419534	SRR1159661,SRR1159959,SRR1181124,SRR1181202	1
SAMN02414962	SRR1163201,SRR1163208,SRR1165432,SRR1167131	1
SAMN06209993	SRR5153820	1
SAMN06209873	SRR5152958	1
SAMEA2535298	ERR553313,ERR553312	1
SAMEA2535280	ERR553291	1
SAMEA2535188	ERR553171,ERR553170	1
SAMEA2535166	ERR553139	1
SAMEA2535152	ERR553116,ERR553117,ERR553118	1
SAMEA2535142	ERR553107	1
SAMEA2535134	ERR553098,ERR553097,ERR553096	1
SAMEA2535126	ERR553086,ERR553085	1
SAMEA2535125	ERR553081,ERR553082	1
SAMEA2535016	ERR552939,ERR552940	1
SAMEA2534994	ERR552912,ERR552913	1
SAMEA2534880	ERR552755	1
SAMEA2534823	ERR552689,ERR552690	1
SAMEA2534744	ERR552580	1
SAMEA2534642	ERR552429,ERR552430	1
SAMEA2535270	ERR553279,ERR553280	1
SAMEA2534861	ERR552735,ERR552736	1
SAMEA2534777	ERR552627,ERR552628	1
SAMEA2534610	ERR552380,ERR552381	1
SAMEA2534477	ERR552194	1
SAMEA2534464	ERR552177,ERR552176	1
SAMEA2534335	ERR551990,ERR551991	1
SAMEA2534314	ERR551956,ERR551957,ERR551955	1
SAMEA2534307	ERR551943,ERR551944,ERR551945	1
SAMEA2534301	ERR551934,ERR551935	1
SAMEA2534295	ERR551927,ERR551928	1
SAMEA2534216	ERR551821,ERR551822	1
SAMEA2534205	ERR551804,ERR551805,ERR551806	1
SAMEA2534036	ERR551572	1
SAMEA2534025	ERR551556,ERR551557,ERR551558	1
SAMEA2534018	ERR551549,ERR551548	1
SAMEA2533997	ERR551520,ERR551519	1
SAMEA2533923	ERR551412,ERR551411	1
SAMEA2533887	ERR551360,ERR551361,ERR551362	1
SAMEA2533840	ERR551293,ERR551292	1
SAMEA2533789	ERR551225,ERR551226,ERR551227,ERR551228	1
SAMEA2533743	ERR551159	1
SAMEA2533692	ERR551090	1
SAMEA2533688	ERR551086	1
SAMEA2533569	ERR550927	1
SAMEA2533555	ERR550909,ERR550910	1
SAMEA2533463	ERR550777,ERR550778,ERR550779	1
SAMEA2533435	ERR550739	1
SAMEA2534419	ERR552110	1
SAMEA2534361	ERR552026,ERR552027	1
SAMEA2534266	ERR551885,ERR551886	1
SAMEA2533992	ERR551506,ERR551507	1
SAMEA2533933	ERR551425,ERR551426	1
SAMEA2533859	ERR551325,ERR551326	1
SAMEA2533662	ERR551049,ERR551050	1
SAMEA2533532	ERR550870,ERR550871	1
SAMEA2533476	ERR550797	1
SAMEA2517433	ERR498385,ERR498386,ERR551480,ERR551481	1
SAMEA2517432	ERR498383,ERR498384,ERR553101	1
SAMEA2517431	ERR498381,ERR498382,ERR552201,ERR552202	1
SAMEA2517429	ERR498377,ERR498378,ERR552152,ERR552153	1
SAMEA2517428	ERR498376,ERR498375,ERR551363,ERR551364	1
SAMEA2517427	ERR498373,ERR498374,ERR551407,ERR551408	1
SAMEA2517426	ERR498372,ERR553269,ERR553270,ERR553271	1
SAMEA2517424	ERR498370,ERR553083,ERR553084	1
SAMEA2517422	ERR498366,ERR553187	1
SAMEA2517421	ERR498363,ERR498364,ERR498365,ERR551107	1
SAMEA2517420	ERR498360,ERR498361,ERR498362,ERR551169	1
SAMEA2517419	ERR498357,ERR498358,ERR498359,ERR553017	1
SAMEA2517418	ERR498356	1
SAMEA2517416	ERR498350,ERR498351,ERR498352,ERR552129	1
SAMEA2517364	ERR498293,ERR498294,ERR498295,ERR550881	1
SAMEA2517357	ERR498287,ERR498288,ERR498289,ERR551724	1
SAMN08637041	SRR6807701	1
SAMEA961607	ERR040109	1
SAMEA961601	ERR040103	1
SAMEA961600	ERR040102	1
SAMEA961599	ERR040101	1
SAMEA961621	ERR040100	1
SAMEA961636	ERR040097	1
SAMEA961639	ERR040096	1
SAMEA961633	ERR040094	1
SAMEA961632	ERR040093	1
SAMEA961634	ERR040091	1
SAMEA961631	ERR040089	1
SAMEA961628	ERR040088	1
SAMEA961629	ERR040087	1
SAMEA961626	ERR040086	1
SAMEA961625	ERR038298	1
SAMEA961623	ERR038296	1
SAMEA961612	ERR038295	1
SAMEA961616	ERR038293	1
SAMEA961615	ERR038292	1
SAMEA961614	ERR038291	1
SAMEA961613	ERR038290	1
SAMEA961617	ERR038286	1
SAMEA961589	ERR038285	1
SAMEA961595	ERR038283	1
SAMEA961596	ERR038282	1
SAMEA961597	ERR038281	1
SAMEA961591	ERR038279	1
SAMEA961592	ERR038278	1
SAMEA961593	ERR038277	1
SAMEA961594	ERR038276	1
SAMEA961578	ERR038275	1
SAMEA961671	ERR038260	1
SAMEA961666	ERR039346	1
SAMEA961663	ERR039343	1
SAMEA961662	ERR039342	1
SAMEA961661	ERR039341	1
SAMEA961660	ERR039340	1
SAMEA961650	ERR039339	1
SAMEA961651	ERR039338	1
SAMEA961655	ERR039334	1
SAMEA961657	ERR039332	1
SAMEA961658	ERR039331	1
SAMEA961659	ERR039330	1
SAMEA961643	ERR039329	1
SAMEA961642	ERR039328	1
SAMEA961646	ERR039327	1
SAMEA961645	ERR039326	1
SAMEA961648	ERR039325	1
SAMEA961587	ERR025842	1
SAMEA961581	ERR025839	1
SAMEA961608	ERR025834	1
SAMEA961640	ERR025847	1
SAMEA961579	ERR025846	1
SAMEA961641	ERR025848	1
SAMEA961586	ERR025843	1
SAMEA961610	ERR025833	1
SAMEA961582	ERR025838	1
SAMEA961583	ERR025837	1
SAMEA961584	ERR025836	1
SAMEA961609	ERR025835	1
SAMN08166034	SRR6369876	1
SAMN09399507	SRR7657748	1
SAMN09651750	SRR7516353	1
SAMN08913369	SRR6982294	1
SAMN08913367	SRR6982311	1
SAMN08913365	SRR6982117	1
SAMN08913364	SRR6982118	1
SAMN08913363	SRR6982123	1
SAMN08913362	SRR6982124	1
SAMN08913361	SRR6982121	1
SAMN08913360	SRR6982122	1
SAMN08913359	SRR6981926	1
SAMN08913357	SRR6981936	1
SAMN08913356	SRR6981935	1
SAMN08913355	SRR6981938	1
SAMN08913354	SRR6981937	1
SAMN08913353	SRR6981940	1
SAMN08913352	SRR6981939	1
SAMN08913351	SRR6981945	1
SAMN08913349	SRR6982428	1
SAMN08913348	SRR6982429	1
SAMN08913347	SRR6982419	1
SAMN08913345	SRR6982421	1
SAMN08913344	SRR6982422	1
SAMN08913340	SRR6982426	1
SAMN08913339	SRR6982163	1
SAMN08913337	SRR6982231	1
SAMN08913330	SRR6982176	1
SAMN08913329	SRR6982504	1
SAMN08913326	SRR6982503	1
SAMN08913325	SRR6982500	1
SAMN08913323	SRR6982498	1
SAMN08913322	SRR6982499	1
SAMN08913321	SRR6982496	1
SAMN08913315	SRR6982025	1
SAMN08913312	SRR6982018	1
SAMN08913310	SRR6982020	1
SAMN08913309	SRR6982055	1
SAMN08913308	SRR6982000	1
SAMN08913307	SRR6982050	1
SAMN08913306	SRR6981987	1
SAMN08913303	SRR6982046	1
SAMN08913302	SRR6982045	1
SAMN08913283	SRR6982074	1
SAMN08913281	SRR6982047	1
SAMN08913279	SRR6982417	1
SAMN08913277	SRR6982554	1
SAMN08913274	SRR6982557	1
SAMN08913272	SRR6982431	1
SAMN08913270	SRR6982553	1
SAMN08913263	SRR6982366	1
SAMN08913252	SRR6981976	1
SAMN08913251	SRR6981973	1
SAMN08913247	SRR6982159	1
SAMN08913245	SRR6982157	1
SAMN08913244	SRR6982156	1
SAMN08913243	SRR6982155	1
SAMN08913242	SRR6982154	1
SAMN08913238	SRR6982243	1
SAMN08913237	SRR6982244	1
SAMN08913236	SRR6982245	1
SAMN08913230	SRR6982251	1
SAMN08913216	SRR6981907	1
SAMN08913214	SRR6981905	1
SAMN08913211	SRR6982199	1
SAMN08913209	SRR6981988	1
SAMN08913208	SRR6981989	1
SAMN08913206	SRR6981980	1
SAMN08913204	SRR6981982	1
SAMN08913202	SRR6981984	1
SAMN08913201	SRR6981985	1
SAMN08913198	SRR6982372	1
SAMN08913196	SRR6982380	1
SAMN08913195	SRR6982379	1
SAMN08913194	SRR6982378	1
SAMN08913191	SRR6982375	1
SAMN08913190	SRR6982374	1
SAMN08913187	SRR6982028	1
SAMN08913185	SRR6982059	1
SAMN08913183	SRR6982065	1
SAMN08913182	SRR6982066	1
SAMN08913177	SRR6982477	1
SAMN08913175	SRR6982479	1
SAMN08913174	SRR6982478	1
SAMN08913171	SRR6982483	1
SAMN08913170	SRR6982482	1
SAMN08913169	SRR6982284	1
SAMN08913167	SRR6982403	1
SAMN08913161	SRR6982517	1
SAMN08913160	SRR6982528	1
SAMN08913159	SRR6982167	1
SAMN08913157	SRR6982006	1
SAMN08913156	SRR6982003	1
SAMN08913155	SRR6982002	1
SAMN08913152	SRR6982016	1
SAMN08913151	SRR6982015	1
SAMN08913148	SRR6982427	1
SAMN08913144	SRR6982149	1
SAMN08913143	SRR6982146	1
SAMN08913139	SRR6981960	1
SAMN08913135	SRR6982073	1
SAMN08913130	SRR6982056	1
SAMN08913127	SRR6982353	1
SAMN08913122	SRR6982358	1
SAMN08913121	SRR6982359	1
SAMN08913120	SRR6982360	1
SAMN08913117	SRR6982549	1
SAMN08913115	SRR6982547	1
SAMN08913112	SRR6982544	1
SAMN08913109	SRR6981958	1
SAMN08913107	SRR6981968	1
SAMN08913104	SRR6981965	1
SAMN08913098	SRR6982151	1
SAMN08913097	SRR6982136	1
SAMN08913091	SRR6982142	1
SAMN08913088	SRR6982106	1
SAMN08913085	SRR6982100	1
SAMN08913082	SRR6982101	1
SAMN08913078	SRR6982215	1
SAMN08913077	SRR6982208	1
SAMN08913076	SRR6982209	1
SAMN08913075	SRR6982206	1
SAMN08913074	SRR6982207	1
SAMN08913073	SRR6982212	1
SAMN08913071	SRR6982210	1
SAMN08913067	SRR6982306	1
SAMN08913066	SRR6982305	1
SAMN08913062	SRR6982309	1
SAMN08913059	SRR6981910	1
SAMN08913056	SRR6981921	1
SAMN08913054	SRR6981923	1
SAMN08913053	SRR6982325	1
SAMN08913050	SRR6981919	1
SAMN08913049	SRR6982165	1
SAMN08913048	SRR6982164	1
SAMN08913044	SRR6982174	1
SAMN08913041	SRR6982171	1
SAMN08913037	SRR6982292	1
SAMN08913036	SRR6982293	1
SAMN08913035	SRR6982290	1
SAMN08913034	SRR6982291	1
SAMN08913031	SRR6982286	1
SAMN08913029	SRR6982402	1
SAMN08913024	SRR6982397	1
SAMN08913023	SRR6982396	1
SAMN08913022	SRR6982395	1
SAMN08913019	SRR6981990	1
SAMN08913017	SRR6981992	1
SAMN08913015	SRR6981994	1
SAMN08913014	SRR6981995	1
SAMN08913013	SRR6981996	1
SAMN08913010	SRR6981999	1
SAMN08913009	SRR6982466	1
SAMN08913007	SRR6982470	1
SAMN08912999	SRR6982273	1
SAMN08912996	SRR6982274	1
SAMN08912995	SRR6982277	1
SAMN08912994	SRR6982276	1
SAMN08912993	SRR6982279	1
SAMN08912992	SRR6982278	1
SAMN08912990	SRR6982280	1
SAMN08912988	SRR6982088	1
SAMN08912987	SRR6982089	1
SAMN08912985	SRR6982091	1
SAMN08912984	SRR6982092	1
SAMN08912981	SRR6982095	1
SAMN08912980	SRR6982096	1
SAMN08912979	SRR6982326	1
SAMN08912975	SRR6981913	1
SAMN08912972	SRR6982314	1
SAMN08912971	SRR6981909	1
SAMN08912967	SRR6982391	1
SAMN08912959	SRR6982559	1
SAMN08912954	SRR6982204	1
SAMN08912952	SRR6982560	1
SAMN08912951	SRR6982201	1
SAMN08912949	SRR6982004	1
SAMN08912948	SRR6982005	1
SAMN08912946	SRR6982012	1
SAMN08912942	SRR6982008	1
SAMN08912941	SRR6982009	1
SAMN08912940	SRR6982010	1
SAMN08912936	SRR6982411	1
SAMN08912933	SRR6982416	1
SAMN08912929	SRR6982108	1
SAMN08912928	SRR6981971	1
SAMN08912925	SRR6982295	1
SAMN08912920	SRR6982300	1
SAMN08912917	SRR6982189	1
SAMN08912913	SRR6982193	1
SAMN08912909	SRR6982495	1
SAMN08912908	SRR6982494	1
SAMN08912903	SRR6982491	1
SAMN08912901	SRR6982493	1
SAMN08912900	SRR6982492	1
SAMN08912899	SRR6982083	1
SAMN08912898	SRR6982084	1
SAMN08912893	SRR6982081	1
SAMN08912892	SRR6982082	1
SAMN08912885	SRR6982334	1
SAMN08912884	SRR6982333	1
SAMN08912883	SRR6982332	1
SAMN08912879	SRR6981941	1
SAMN08912878	SRR6981942	1
SAMN08912876	SRR6981928	1
SAMN08912872	SRR6981932	1
SAMN08912870	SRR6981934	1
SAMN08912869	SRR6982120	1
SAMN08912868	SRR6982119	1
SAMN08912867	SRR6982114	1
SAMN08912866	SRR6982113	1
SAMN08912865	SRR6982116	1
SAMN08912862	SRR6982109	1
SAMN08912859	SRR6982224	1
SAMN08912858	SRR6982225	1
SAMN08912855	SRR6982220	1
SAMN08912851	SRR6982216	1
SAMN08912843	SRR6982259	1
SAMN08912840	SRR6982256	1
SAMN08912839	SRR6982452	1
SAMN08912835	SRR6982449	1
SAMN08912832	SRR6982444	1
SAMN08912831	SRR6982445	1
SAMN08912830	SRR6982446	1
SAMN08912823	SRR6982040	1
SAMN08912822	SRR6982039	1
SAMN08912821	SRR6982042	1
SAMN08912819	SRR6982518	1
SAMN08912818	SRR6982519	1
SAMN08912815	SRR6982520	1
SAMN08912813	SRR6982526	1
SAMN08912811	SRR6982524	1
SAMN08912810	SRR6982525	1
SAMN08912808	SRR6982135	1
SAMN08912807	SRR6982318	1
SAMN08912806	SRR6982317	1
SAMN08912804	SRR6982319	1
SAMN08912802	SRR6982321	1
SAMN08912799	SRR6982539	1
SAMN08912798	SRR6982507	1
SAMN08912796	SRR6982511	1
SAMN08912792	SRR6982515	1
SAMN08912790	SRR6982513	1
SAMN08912788	SRR6981947	1
SAMN08912786	SRR6981951	1
SAMN08912785	SRR6981950	1
SAMN08912784	SRR6981949	1
SAMN08912783	SRR6981956	1
SAMN08912779	SRR6982347	1
SAMN08912773	SRR6982516	1
SAMN08912772	SRR6982340	1
SAMN08912771	SRR6982341	1
SAMN08912769	SRR6982233	1
SAMN08912768	SRR6982232	1
SAMN08912764	SRR6982240	1
SAMN08912760	SRR6982236	1
SAMN08912757	SRR6982133	1
SAMN08912756	SRR6982134	1
SAMN08912755	SRR6982131	1
SAMN08912754	SRR6982132	1
SAMN08912753	SRR6982129	1
SAMN08912750	SRR6982128	1
SAMN08912749	SRR6982456	1
SAMN08912748	SRR6982455	1
SAMN08912746	SRR6982463	1
SAMN08912745	SRR6982462	1
SAMN08912744	SRR6982461	1
SAMN08912743	SRR6982460	1
SAMN08912742	SRR6982459	1
SAMN08912740	SRR6982457	1
SAMN08912738	SRR6982263	1
SAMN08912735	SRR6982266	1
SAMN08912733	SRR6982268	1
SAMN08912732	SRR6982269	1
SAMN08912730	SRR6982271	1
SAMN08912726	SRR6982529	1
SAMN08912723	SRR6982534	1
SAMN08912721	SRR6982536	1
SAMN08912719	SRR6982179	1
SAMN08912717	SRR6982181	1
SAMN08912716	SRR6982180	1
SAMN08912711	SRR6982187	1
SAMN08912710	SRR6982186	1
SAMN08892563	SRR6964515	1
SAMN08892562	SRR6964514	1
SAMN08892561	SRR6964540	1
SAMN08892560	SRR6964541	1
SAMN08892559	SRR6964532	1
SAMN08892556	SRR6964535	1
SAMN08892555	SRR6964536	1
SAMN08892554	SRR6964537	1
SAMN08892553	SRR6964538	1
SAMN08892549	SRR6964557	1
SAMN08892547	SRR6964559	1
SAMN08892546	SRR6964558	1
SAMN08892545	SRR6964553	1
SAMN08892544	SRR6964552	1
SAMN08892543	SRR6964555	1
SAMN08892542	SRR6964554	1
SAMN08892540	SRR6964591	1
SAMN08892539	SRR6964588	1
SAMN08892538	SRR6964589	1
SAMN08892536	SRR6964587	1
SAMN08892535	SRR6964584	1
SAMN08892534	SRR6964585	1
SAMN08892531	SRR6964571	1
SAMN08892529	SRR6964565	1
SAMN08892528	SRR6964564	1
SAMN08892527	SRR6964563	1
SAMN08892526	SRR6964562	1
SAMN08892524	SRR6964568	1
SAMN08892523	SRR6964567	1
SAMN08892517	SRR6964598	1
SAMN08892513	SRR6964594	1
SAMN08892509	SRR6964670	1
SAMN08892507	SRR6964672	1
SAMN08892506	SRR6964671	1
SAMN08892498	SRR6964497	1
SAMN08892497	SRR6964494	1
SAMN08892496	SRR6964495	1
SAMN08892495	SRR6964500	1
SAMN08892494	SRR6964501	1
SAMN08892487	SRR6964621	1
SAMN08892475	SRR6964606	1
SAMN08892473	SRR6964604	1
SAMN08892468	SRR6964484	1
SAMN08892466	SRR6964482	1
SAMN08892464	SRR6964488	1
SAMN08892448	SRR6964528	1
SAMN08892439	SRR6964510	1
SAMN08892435	SRR6964506	1
SAMN08892434	SRR6964507	1
SAMN08892433	SRR6964504	1
SAMN08892432	SRR6964505	1
SAMN08892424	SRR6964576	1
SAMN08892423	SRR6964575	1
SAMN08892421	SRR6964542	1
SAMN08892416	SRR6964547	1
SAMN08892413	SRR6964550	1
SAMN08892412	SRR6964551	1
SAMN08892411	SRR6964643	1
SAMN08892404	SRR6964638	1
SAMN08892400	SRR6964492	1
SAMN08795383	SRR6896467	1
SAMN08795379	SRR6896164	1
SAMN08795375	SRR6896158	1
SAMN08795373	SRR6896160	1
SAMN08795372	SRR6896159	1
SAMN08795370	SRR6896161	1
SAMN08795369	SRR6896302	1
SAMN08795366	SRR6896276	1
SAMN08795365	SRR6896273	1
SAMN08795364	SRR6896274	1
SAMN08795359	SRR6896187	1
SAMN08795358	SRR6896186	1
SAMN08795353	SRR6896183	1
SAMN08795352	SRR6896182	1
SAMN08795351	SRR6896380	1
SAMN08795349	SRR6896541	1
SAMN08795347	SRR6896543	1
SAMN08795342	SRR6896548	1
SAMN08795339	SRR6896223	1
SAMN08795335	SRR6896231	1
SAMN08795330	SRR6896226	1
SAMN08795329	SRR6896329	1
SAMN08795325	SRR6896335	1
SAMN08795321	SRR6896331	1
SAMN08795320	SRR6896332	1
SAMN08795317	SRR6896148	1
SAMN08795316	SRR6896149	1
SAMN08795314	SRR6896147	1
SAMN08795313	SRR6896152	1
SAMN08795309	SRR6896443	1
SAMN08795306	SRR6896445	1
SAMN08795304	SRR6896447	1
SAMN08795303	SRR6896450	1
SAMN08795299	SRR6896279	1
SAMN08795297	SRR6896281	1
SAMN08795295	SRR6896283	1
SAMN08795294	SRR6896284	1
SAMN08795292	SRR6896286	1
SAMN08795289	SRR6896466	1
SAMN08795288	SRR6896465	1
SAMN08795287	SRR6896172	1
SAMN08795285	SRR6896170	1
SAMN08795284	SRR6896169	1
SAMN08795278	SRR6896552	1
SAMN08795277	SRR6896559	1
SAMN08795276	SRR6896560	1
SAMN08795275	SRR6896557	1
SAMN08795274	SRR6896558	1
SAMN08795273	SRR6896555	1
SAMN08795270	SRR6896554	1
SAMN08795267	SRR6896392	1
SAMN08795266	SRR6896391	1
SAMN08795264	SRR6896393	1
SAMN08795262	SRR6896387	1
SAMN08795260	SRR6896389	1
SAMN08795258	SRR6896243	1
SAMN08795255	SRR6896250	1
SAMN08795253	SRR6896244	1
SAMN08795252	SRR6896245	1
SAMN08795251	SRR6896246	1
SAMN08795248	SRR6896579	1
SAMN08795246	SRR6896583	1
SAMN08795245	SRR6896582	1
SAMN08795244	SRR6896581	1
SAMN08795243	SRR6896588	1
SAMN08795241	SRR6896586	1
SAMN08795239	SRR6896483	1
SAMN08795238	SRR6896484	1
SAMN08795237	SRR6896473	1
SAMN08795236	SRR6896474	1
SAMN08795235	SRR6896471	1
SAMN08795231	SRR6896475	1
SAMN08795230	SRR6896476	1
SAMN08795228	SRR6896357	1
SAMN08795226	SRR6896349	1
SAMN08795223	SRR6896354	1
SAMN08795221	SRR6896356	1
SAMN08795219	SRR6896191	1
SAMN08795218	SRR6896190	1
SAMN08795215	SRR6896197	1
SAMN08795213	SRR6896195	1
SAMN08795210	SRR6896192	1
SAMN08795197	SRR6896290	1
SAMN08795196	SRR6896289	1
SAMN08795194	SRR6896291	1
SAMN08795193	SRR6896294	1
SAMN08795190	SRR6896295	1
SAMN08795189	SRR6896407	1
SAMN08795188	SRR6896211	1
SAMN08795187	SRR6896397	1
SAMN08795186	SRR6896398	1
SAMN08795185	SRR6896395	1
SAMN08795183	SRR6896401	1
SAMN08795182	SRR6896402	1
SAMN08795181	SRR6896399	1
SAMN08795179	SRR6896181	1
SAMN08795178	SRR6896272	1
SAMN08795177	SRR6896482	1
SAMN08795176	SRR6896481	1
SAMN08795175	SRR6896480	1
SAMN08795168	SRR6896464	1
SAMN08795167	SRR6896177	1
SAMN08795164	SRR6896180	1
SAMN08795163	SRR6896173	1
SAMN08795160	SRR6896176	1
SAMN08795153	SRR6896342	1
SAMN08795151	SRR6896344	1
SAMN08795150	SRR6896343	1
SAMN08795149	SRR6896453	1
SAMN08795148	SRR6896454	1
SAMN08795146	SRR6896462	1
SAMN08795145	SRR6896459	1
SAMN08795144	SRR6896460	1
SAMN08795143	SRR6896457	1
SAMN08795142	SRR6896458	1
SAMN08795141	SRR6896455	1
SAMN08795140	SRR6896456	1
SAMN08795139	SRR6896519	1
SAMN08795138	SRR6896513	1
SAMN08795137	SRR6896568	1
SAMN08795135	SRR6896566	1
SAMN08795132	SRR6896497	1
SAMN08795131	SRR6896562	1
SAMN08795129	SRR6896232	1
SAMN08795127	SRR6896234	1
SAMN08795124	SRR6896237	1
SAMN08795123	SRR6896238	1
SAMN08795122	SRR6896239	1
SAMN08795119	SRR6896563	1
SAMN08795117	SRR6896573	1
SAMN08795111	SRR6896571	1
SAMN08795110	SRR6896572	1
SAMN08795109	SRR6896189	1
SAMN08795108	SRR6896188	1
SAMN08795106	SRR6896405	1
SAMN08795105	SRR6896404	1
SAMN08795103	SRR6896410	1
SAMN08795102	SRR6896409	1
SAMN08795099	SRR6896517	1
SAMN08795096	SRR6896516	1
SAMN08795094	SRR6896514	1
SAMN08795093	SRR6896511	1
SAMN08795091	SRR6896509	1
SAMN08795090	SRR6896510	1
SAMN08795088	SRR6896367	1
SAMN08795086	SRR6896363	1
SAMN08795085	SRR6896366	1
SAMN08795083	SRR6896360	1
SAMN08795082	SRR6896359	1
SAMN08795081	SRR6896362	1
SAMN08795078	SRR6896271	1
SAMN08795077	SRR6896262	1
SAMN08795076	SRR6896263	1
SAMN08795075	SRR6896264	1
SAMN08795073	SRR6896266	1
SAMN08795069	SRR6896600	1
SAMN08795067	SRR6896608	1
SAMN08795063	SRR6896604	1
SAMN08795058	SRR6896423	1
SAMN08795057	SRR6896426	1
SAMN08795055	SRR6896424	1
SAMN08795051	SRR6896428	1
SAMN08795050	SRR6896429	1
SAMN08795049	SRR6896310	1
SAMN08795048	SRR6896309	1
SAMN08795046	SRR6896311	1
SAMN08795043	SRR6896316	1
SAMN08795040	SRR6896530	1
SAMN08795038	SRR6896209	1
SAMN08795037	SRR6896204	1
SAMN08795036	SRR6896205	1
SAMN08795035	SRR6896206	1
SAMN08795032	SRR6896201	1
SAMN08795029	SRR6896540	1
SAMN08795026	SRR6896533	1
SAMN08795025	SRR6896532	1
SAMN08795024	SRR6896531	1
SAMN08795023	SRR6896538	1
SAMN08795022	SRR6896537	1
SAMN08795021	SRR6896536	1
SAMN08795020	SRR6896535	1
SAMN08795018	SRR6896370	1
SAMN08795015	SRR6896371	1
SAMN08795013	SRR6896377	1
SAMN08795012	SRR6896378	1
SAMN08795011	SRR6896375	1
SAMN08795010	SRR6896376	1
SAMN08795009	SRR6896521	1
SAMN08795007	SRR6896523	1
SAMN08795006	SRR6896522	1
SAMN08795004	SRR6896524	1
SAMN08795003	SRR6896527	1
SAMN08795002	SRR6896526	1
SAMN08794997	SRR6896503	1
SAMN08794995	SRR6896505	1
SAMN08794994	SRR6896506	1
SAMN08794993	SRR6896499	1
SAMN08794992	SRR6896500	1
SAMN08794991	SRR6896501	1
SAMN08794987	SRR6896217	1
SAMN08794985	SRR6896215	1
SAMN08794983	SRR6896221	1
SAMN08794982	SRR6896220	1
SAMN08794981	SRR6896219	1
SAMN08794980	SRR6896218	1
SAMN08794979	SRR6896319	1
SAMN08794978	SRR6896320	1
SAMN08794977	SRR6896327	1
SAMN08794976	SRR6896328	1
SAMN08794973	SRR6896323	1
SAMN08794972	SRR6896324	1
SAMN08794971	SRR6896321	1
SAMN08794970	SRR6896322	1
SAMN08794968	SRR6896432	1
SAMN08794967	SRR6896439	1
SAMN08794966	SRR6896438	1
SAMN08794965	SRR6896441	1
SAMN08794964	SRR6896440	1
SAMN08794960	SRR6896436	1
SAMN08794959	SRR6896412	1
SAMN08794958	SRR6896413	1
SAMN08794957	SRR6896414	1
SAMN08794956	SRR6896415	1
SAMN08794955	SRR6896416	1
SAMN08794953	SRR6896418	1
SAMN08794952	SRR6896419	1
SAMN08794950	SRR6896421	1
SAMN08794949	SRR6896590	1
SAMN08794948	SRR6896589	1
SAMN08794947	SRR6896598	1
SAMN08794946	SRR6896597	1
SAMN08794943	SRR6896594	1
SAMN08794942	SRR6896593	1
SAMN08794941	SRR6896592	1
SAMN08794940	SRR6896591	1
SAMN08794939	SRR6896260	1
SAMN08794938	SRR6896261	1
SAMN08794936	SRR6896255	1
SAMN08794935	SRR6896252	1
SAMN08794934	SRR6896253	1
SAMN08794929	SRR6896487	1
SAMN08794925	SRR6896491	1
SAMN08794924	SRR6896492	1
SAMN08794922	SRR6896494	1
SAMN08794920	SRR6896496	1
SAMN08732596	SRR6855882	1
SAMN08732594	SRR6855880	1
SAMN08732593	SRR6855879	1
SAMN08732592	SRR6856000	1
SAMN08732591	SRR6856001	1
SAMN08732590	SRR6855996	1
SAMN08732587	SRR6855999	1
SAMN08732585	SRR6855993	1
SAMN08732583	SRR6855995	1
SAMN08732582	SRR6855736	1
SAMN08732581	SRR6855735	1
SAMN08732580	SRR6855907	1
SAMN08732579	SRR6855970	1
SAMN08732578	SRR6855909	1
SAMN08732577	SRR6855908	1
SAMN08732576	SRR6855894	1
SAMN08732575	SRR6855893	1
SAMN08732574	SRR6855898	1
SAMN08732573	SRR6855895	1
SAMN08732572	SRR6855876	1
SAMN08732571	SRR6855881	1
SAMN08732570	SRR6855770	1
SAMN08732566	SRR6855850	1
SAMN08732563	SRR6855849	1
SAMN08732561	SRR6855920	1
SAMN08732560	SRR6855929	1
SAMN08732559	SRR6855928	1
SAMN08732558	SRR6855927	1
SAMN08732557	SRR6855926	1
SAMN08732556	SRR6855925	1
SAMN08732553	SRR6855922	1
SAMN08732551	SRR6856051	1
SAMN08732549	SRR6856043	1
SAMN08732547	SRR6856045	1
SAMN08732546	SRR6856046	1
SAMN08732543	SRR6856049	1
SAMN08732542	SRR6855819	1
SAMN08732541	SRR6855820	1
SAMN08732540	SRR6855821	1
SAMN08732539	SRR6855822	1
SAMN08732538	SRR6855823	1
SAMN08732537	SRR6855824	1
SAMN08732536	SRR6855825	1
SAMN08732535	SRR6855826	1
SAMN08732534	SRR6855827	1
SAMN08732533	SRR6855828	1
SAMN08732531	SRR6855675	1
SAMN08732530	SRR6855674	1
SAMN08732529	SRR6855673	1
SAMN08732528	SRR6855974	1
SAMN08732526	SRR6856125	1
SAMN08732523	SRR6856122	1
SAMN08732522	SRR6855677	1
SAMN08732516	SRR6855685	1
SAMN08732515	SRR6855686	1
SAMN08732514	SRR6855683	1
SAMN08732513	SRR6855684	1
SAMN08732510	SRR6856005	1
SAMN08732509	SRR6856004	1
SAMN08732508	SRR6856007	1
SAMN08732507	SRR6856006	1
SAMN08732506	SRR6856009	1
SAMN08732505	SRR6856008	1
SAMN08732504	SRR6856011	1
SAMN08732501	SRR6855783	1
SAMN08732500	SRR6855856	1
SAMN08732499	SRR6855857	1
SAMN08732497	SRR6855859	1
SAMN08732495	SRR6855853	1
SAMN08732493	SRR6855855	1
SAMN08732492	SRR6855738	1
SAMN08732491	SRR6855737	1
SAMN08732490	SRR6855730	1
SAMN08732488	SRR6855728	1
SAMN08732487	SRR6855727	1
SAMN08732484	SRR6855732	1
SAMN08732483	SRR6855731	1
SAMN08732481	SRR6855959	1
SAMN08732480	SRR6855745	1
SAMN08732479	SRR6855746	1
SAMN08732478	SRR6855743	1
SAMN08732477	SRR6855744	1
SAMN08732476	SRR6855741	1
SAMN08732473	SRR6855957	1
SAMN08732472	SRR6856091	1
SAMN08732471	SRR6856090	1
SAMN08732470	SRR6856089	1
SAMN08732468	SRR6856059	1
SAMN08732467	SRR6856058	1
SAMN08732466	SRR6856053	1
SAMN08732465	SRR6856052	1
SAMN08732464	SRR6856055	1
SAMN08732461	SRR6855818	1
SAMN08732460	SRR6855930	1
SAMN08732459	SRR6855931	1
SAMN08732458	SRR6855932	1
SAMN08732457	SRR6855933	1
SAMN08732456	SRR6855934	1
SAMN08732454	SRR6855813	1
SAMN08732452	SRR6855830	1
SAMN08732451	SRR6855829	1
SAMN08732448	SRR6855836	1
SAMN08732446	SRR6855834	1
SAMN08732444	SRR6855832	1
SAMN08732443	SRR6855831	1
SAMN08732441	SRR6855766	1
SAMN08732440	SRR6855865	1
SAMN08732439	SRR6855864	1
SAMN08732436	SRR6855861	1
SAMN08732431	SRR6855972	1
SAMN08732430	SRR6855980	1
SAMN08732427	SRR6855979	1
SAMN08732426	SRR6855976	1
SAMN08732425	SRR6855977	1
SAMN08732423	SRR6855975	1
SAMN08732422	SRR6856111	1
SAMN08732421	SRR6856110	1
SAMN08732420	SRR6856105	1
SAMN08732419	SRR6856104	1
SAMN08732417	SRR6856102	1
SAMN08732416	SRR6856109	1
SAMN08732415	SRR6856108	1
SAMN08732413	SRR6856106	1
SAMN08732412	SRR6855814	1
SAMN08732411	SRR6855815	1
SAMN08732410	SRR6855809	1
SAMN08732409	SRR6855810	1
SAMN08732408	SRR6855811	1
SAMN08732406	SRR6855805	1
SAMN08732405	SRR6855806	1
SAMN08732404	SRR6855807	1
SAMN08732403	SRR6855808	1
SAMN08732402	SRR6855816	1
SAMN08732401	SRR6855936	1
SAMN08732396	SRR6855943	1
SAMN08732395	SRR6855942	1
SAMN08732392	SRR6856056	1
SAMN08732391	SRR6856057	1
SAMN08732390	SRR6856062	1
SAMN08732389	SRR6856063	1
SAMN08732388	SRR6856060	1
SAMN08732387	SRR6856061	1
SAMN08732386	SRR6856066	1
SAMN08732384	SRR6856064	1
SAMN08732382	SRR6855740	1
SAMN08732381	SRR6855739	1
SAMN08732380	SRR6855754	1
SAMN08732379	SRR6855753	1
SAMN08732378	SRR6855752	1
SAMN08732377	SRR6855751	1
SAMN08732375	SRR6855749	1
SAMN08732374	SRR6855748	1
SAMN08732373	SRR6855747	1
SAMN08732372	SRR6855877	1
SAMN08732370	SRR6855868	1
SAMN08732368	SRR6855870	1
SAMN08732367	SRR6855871	1
SAMN08732365	SRR6855873	1
SAMN08732364	SRR6855874	1
SAMN08732363	SRR6855875	1
SAMN08732362	SRR6855991	1
SAMN08732361	SRR6855990	1
SAMN08732360	SRR6855987	1
SAMN08732359	SRR6855986	1
SAMN08732358	SRR6855989	1
SAMN08732357	SRR6855988	1
SAMN08732354	SRR6855985	1
SAMN08732353	SRR6855984	1
SAMN08732352	SRR6856120	1
SAMN08732351	SRR6856121	1
SAMN08732348	SRR6856116	1
SAMN08732347	SRR6856117	1
SAMN08732346	SRR6856114	1
SAMN08732345	SRR6856115	1
SAMN08732344	SRR6856112	1
SAMN08732343	SRR6856113	1
SAMN08732342	SRR6855891	1
SAMN08732340	SRR6855889	1
SAMN08732337	SRR6855888	1
SAMN08732336	SRR6855885	1
SAMN08732335	SRR6855886	1
SAMN08732334	SRR6855883	1
SAMN08732333	SRR6855884	1
SAMN08732332	SRR6855781	1
SAMN08732331	SRR6855780	1
SAMN08732330	SRR6855777	1
SAMN08732328	SRR6855779	1
SAMN08732327	SRR6855778	1
SAMN08732326	SRR6855773	1
SAMN08732325	SRR6855772	1
SAMN08732324	SRR6855775	1
SAMN08732320	SRR6855903	1
SAMN08732318	SRR6855905	1
SAMN08732317	SRR6855906	1
SAMN08732316	SRR6855899	1
SAMN08732314	SRR6855901	1
SAMN08732313	SRR6855902	1
SAMN08732312	SRR6855785	1
SAMN08732309	SRR6855788	1
SAMN08732308	SRR6855787	1
SAMN08732307	SRR6855786	1
SAMN08732306	SRR6855793	1
SAMN08732305	SRR6855792	1
SAMN08732304	SRR6855791	1
SAMN08732302	SRR6855695	1
SAMN08732301	SRR6855696	1
SAMN08732300	SRR6855689	1
SAMN08732299	SRR6855690	1
SAMN08732298	SRR6855687	1
SAMN08732297	SRR6855688	1
SAMN08732295	SRR6855694	1
SAMN08732292	SRR6856021	1
SAMN08732291	SRR6856020	1
SAMN08732289	SRR6856012	1
SAMN08732288	SRR6856015	1
SAMN08732287	SRR6856014	1
SAMN08732285	SRR6856016	1
SAMN08732283	SRR6856018	1
SAMN08732282	SRR6855946	1
SAMN08732281	SRR6855947	1
SAMN08732280	SRR6855948	1
SAMN08732278	SRR6855950	1
SAMN08732277	SRR6855951	1
SAMN08732275	SRR6855953	1
SAMN08732274	SRR6855954	1
SAMN08732273	SRR6855955	1
SAMN08732269	SRR6855845	1
SAMN08732268	SRR6855844	1
SAMN08732265	SRR6855841	1
SAMN08732263	SRR6855839	1
SAMN08732262	SRR6855755	1
SAMN08732261	SRR6855756	1
SAMN08732260	SRR6855764	1
SAMN08732259	SRR6855765	1
SAMN08732256	SRR6855760	1
SAMN08732253	SRR6855759	1
SAMN08732252	SRR6856069	1
SAMN08732248	SRR6856077	1
SAMN08732247	SRR6856076	1
SAMN08732245	SRR6856070	1
SAMN08732240	SRR6856026	1
SAMN08732239	SRR6856027	1
SAMN08732238	SRR6856028	1
SAMN08732237	SRR6856029	1
SAMN08732235	SRR6856023	1
SAMN08732234	SRR6856024	1
SAMN08732232	SRR6855718	1
SAMN08732231	SRR6855717	1
SAMN08732229	SRR6855721	1
SAMN08732228	SRR6855720	1
SAMN08732227	SRR6855719	1
SAMN08732224	SRR6855724	1
SAMN08732223	SRR6855723	1
SAMN08732221	SRR6855911	1
SAMN08732220	SRR6855914	1
SAMN08732210	SRR6856035	1
SAMN08732209	SRR6856034	1
SAMN08732207	SRR6856036	1
SAMN08732205	SRR6856038	1
SAMN08732204	SRR6856041	1
SAMN08732203	SRR6856040	1
SAMN08732202	SRR6856100	1
SAMN08732200	SRR6856092	1
SAMN08732198	SRR6856094	1
SAMN08732194	SRR6856098	1
SAMN08732193	SRR6856099	1
SAMN08732192	SRR6855804	1
SAMN08732191	SRR6855803	1
SAMN08732189	SRR6855801	1
SAMN08732187	SRR6855799	1
SAMN08732185	SRR6855797	1
SAMN08732184	SRR6855796	1
SAMN08732183	SRR6855795	1
SAMN08732181	SRR6855969	1
SAMN08732180	SRR6855966	1
SAMN08732178	SRR6855964	1
SAMN08732177	SRR6855965	1
SAMN08732176	SRR6855962	1
SAMN08732173	SRR6855961	1
SAMN08732171	SRR6856086	1
SAMN08732169	SRR6856082	1
SAMN08732168	SRR6856085	1
SAMN08732164	SRR6856081	1
SAMN08732163	SRR6856080	1
SAMN08732160	SRR6855713	1
SAMN08732159	SRR6855714	1
SAMN08732157	SRR6855716	1
SAMN08732155	SRR6855710	1
SAMN08732154	SRR6855711	1
SAMN08732153	SRR6855712	1
SAMN08732151	SRR6855706	1
SAMN08732149	SRR6855704	1
SAMN08732148	SRR6855701	1
SAMN08732147	SRR6855702	1
SAMN08732145	SRR6855700	1
SAMN08732144	SRR6855697	1
SAMN08732143	SRR6855698	1
SAMN08709305	SRR6832409	1
SAMN08709304	SRR6832753	1
SAMN08709303	SRR6832752	1
SAMN08709302	SRR6832352	1
SAMN08709301	SRR6832353	1
SAMN08709300	SRR6832354	1
SAMN08709298	SRR6832356	1
SAMN08709297	SRR6832357	1
SAMN08709296	SRR6832358	1
SAMN08709295	SRR6832359	1
SAMN08709294	SRR6832360	1
SAMN08709291	SRR6832507	1
SAMN08709290	SRR6832514	1
SAMN08709289	SRR6832513	1
SAMN08709288	SRR6832516	1
SAMN08709287	SRR6832515	1
SAMN08709286	SRR6832510	1
SAMN08709283	SRR6832511	1
SAMN08709282	SRR6832662	1
SAMN08709279	SRR6832671	1
SAMN08709273	SRR6832665	1
SAMN08709272	SRR6832626	1
SAMN08709267	SRR6832416	1
SAMN08709265	SRR6832545	1
SAMN08709264	SRR6832426	1
SAMN08709263	SRR6832429	1
SAMN08709262	SRR6832431	1
SAMN08709260	SRR6832439	1
SAMN08709259	SRR6832438	1
SAMN08709257	SRR6832436	1
SAMN08709253	SRR6832432	1
SAMN08709252	SRR6832700	1
SAMN08709251	SRR6832701	1
SAMN08709250	SRR6832694	1
SAMN08709247	SRR6832693	1
SAMN08709245	SRR6832699	1
SAMN08709244	SRR6832696	1
SAMN08709242	SRR6832547	1
SAMN08709239	SRR6832537	1
SAMN08709228	SRR6832396	1
SAMN08709225	SRR6832391	1
SAMN08709224	SRR6832392	1
SAMN08709223	SRR6832393	1
SAMN08709221	SRR6832776	1
SAMN08709218	SRR6832779	1
SAMN08709217	SRR6832778	1
SAMN08709215	SRR6832784	1
SAMN08709214	SRR6832783	1
SAMN08709213	SRR6832782	1
SAMN08709211	SRR6832743	1
SAMN08709210	SRR6832750	1
SAMN08709209	SRR6832751	1
SAMN08709208	SRR6832748	1
SAMN08709207	SRR6832749	1
SAMN08709206	SRR6832746	1
SAMN08709204	SRR6832744	1
SAMN08709203	SRR6832745	1
SAMN08709202	SRR6832599	1
SAMN08709201	SRR6832598	1
SAMN08709200	SRR6832605	1
SAMN08709199	SRR6832604	1
SAMN08709198	SRR6832607	1
SAMN08709197	SRR6832606	1
SAMN08709193	SRR6832602	1
SAMN08709192	SRR6832461	1
SAMN08709190	SRR6832463	1
SAMN08709188	SRR6832465	1
SAMN08709185	SRR6832468	1
SAMN08709184	SRR6832469	1
SAMN08709180	SRR6832847	1
SAMN08709177	SRR6832844	1
SAMN08709167	SRR6832503	1
SAMN08709166	SRR6832502	1
SAMN08709162	SRR6832650	1
SAMN08709161	SRR6832651	1
SAMN08709150	SRR6832619	1
SAMN08709149	SRR6832618	1
SAMN08709148	SRR6832621	1
SAMN08709147	SRR6832620	1
SAMN08709146	SRR6832623	1
SAMN08709144	SRR6832625	1
SAMN08709142	SRR6832772	1
SAMN08709140	SRR6832766	1
SAMN08709136	SRR6832770	1
SAMN08709132	SRR6832408	1
SAMN08709122	SRR6832473	1
SAMN08709121	SRR6832474	1
SAMN08709120	SRR6832483	1
SAMN08709119	SRR6832484	1
SAMN08709118	SRR6832485	1
SAMN08709117	SRR6832486	1
SAMN08709116	SRR6832479	1
SAMN08709115	SRR6832775	1
SAMN08709114	SRR6832481	1
SAMN08709113	SRR6832482	1
SAMN08709109	SRR6832678	1
SAMN08709108	SRR6832681	1
SAMN08709107	SRR6832680	1
SAMN08709104	SRR6832677	1
SAMN08709102	SRR6832830	1
SAMN08709101	SRR6832831	1
SAMN08709099	SRR6832839	1
SAMN08709098	SRR6832836	1
SAMN08709097	SRR6832837	1
SAMN08709096	SRR6832834	1
SAMN08709095	SRR6832835	1
SAMN08709093	SRR6832833	1
SAMN08709092	SRR6832381	1
SAMN08709091	SRR6832380	1
SAMN08709090	SRR6832379	1
SAMN08709088	SRR6832377	1
SAMN08709087	SRR6832376	1
SAMN08709084	SRR6832373	1
SAMN08709082	SRR6832517	1
SAMN08709081	SRR6832518	1
SAMN08709080	SRR6832519	1
SAMN08709078	SRR6832521	1
SAMN08709077	SRR6832522	1
SAMN08709076	SRR6832523	1
SAMN08709075	SRR6832524	1
SAMN08709074	SRR6832525	1
SAMN08709071	SRR6832441	1
SAMN08709069	SRR6832445	1
SAMN08709068	SRR6832442	1
SAMN08709064	SRR6832446	1
SAMN08709063	SRR6832447	1
SAMN08709062	SRR6832821	1
SAMN08709061	SRR6832820	1
SAMN08709054	SRR6832829	1
SAMN08709052	SRR6832608	1
SAMN08709050	SRR6832610	1
SAMN08709049	SRR6832611	1
SAMN08709048	SRR6832612	1
SAMN08709047	SRR6832613	1
SAMN08709046	SRR6832614	1
SAMN08709045	SRR6832615	1
SAMN08709043	SRR6832617	1
SAMN08709041	SRR6832774	1
SAMN08709040	SRR6832478	1
SAMN08709039	SRR6832477	1
SAMN08709036	SRR6832351	1
SAMN08709035	SRR6832450	1
SAMN08709034	SRR6832472	1
SAMN08709027	SRR6832369	1
SAMN08709026	SRR6832366	1
SAMN08709025	SRR6832367	1
SAMN08709023	SRR6832365	1
SAMN08709022	SRR6832755	1
SAMN08709020	SRR6832761	1
SAMN08709019	SRR6832760	1
SAMN08709017	SRR6832762	1
SAMN08709016	SRR6832757	1
SAMN08709012	SRR6832548	1
SAMN08709010	SRR6832554	1
SAMN08709009	SRR6832555	1
SAMN08709003	SRR6832553	1
SAMN08709002	SRR6832399	1
SAMN08708997	SRR6832400	1
SAMN08708996	SRR6832407	1
SAMN08708995	SRR6832406	1
SAMN08708994	SRR6832405	1
SAMN08708992	SRR6832862	1
SAMN08708991	SRR6832863	1
SAMN08708990	SRR6832852	1
SAMN08708988	SRR6832850	1
SAMN08708986	SRR6832856	1
SAMN08708983	SRR6832855	1
SAMN08708982	SRR6832711	1
SAMN08708981	SRR6832710	1
SAMN08708978	SRR6832705	1
SAMN08708976	SRR6832707	1
SAMN08708971	SRR6832459	1
SAMN08708970	SRR6832452	1
SAMN08708966	SRR6832456	1
SAMN08708965	SRR6832455	1
SAMN08708964	SRR6832458	1
SAMN08708963	SRR6832457	1
SAMN08708961	SRR6832597	1
SAMN08708959	SRR6832591	1
SAMN08708958	SRR6832588	1
SAMN08708956	SRR6832594	1
SAMN08708953	SRR6832593	1
SAMN08708952	SRR6832342	1
SAMN08708951	SRR6832341	1
SAMN08708945	SRR6832345	1
SAMN08708944	SRR6832344	1
SAMN08708938	SRR6832489	1
SAMN08708937	SRR6832490	1
SAMN08708935	SRR6832492	1
SAMN08708933	SRR6832494	1
SAMN08708932	SRR6832641	1
SAMN08708930	SRR6832637	1
SAMN08708929	SRR6832636	1
SAMN08708928	SRR6832639	1
SAMN08708925	SRR6832631	1
SAMN08708924	SRR6832635	1
SAMN08708923	SRR6832634	1
SAMN08708922	SRR6832794	1
SAMN08708919	SRR6832793	1
SAMN08708918	SRR6832790	1
SAMN08708916	SRR6832788	1
SAMN08708912	SRR6832809	1
SAMN08708911	SRR6832808	1
SAMN08708909	SRR6832802	1
SAMN08708908	SRR6832801	1
SAMN08708907	SRR6832800	1
SAMN08708902	SRR6832427	1
SAMN08708898	SRR6832424	1
SAMN08708897	SRR6832425	1
SAMN08708896	SRR6832418	1
SAMN08708895	SRR6832419	1
SAMN08708894	SRR6832420	1
SAMN08708892	SRR6832559	1
SAMN08708891	SRR6832558	1
SAMN08708888	SRR6832563	1
SAMN08708887	SRR6832562	1
SAMN08708886	SRR6832565	1
SAMN08708885	SRR6832564	1
SAMN08708882	SRR6832712	1
SAMN08708881	SRR6832713	1
SAMN08708879	SRR6832717	1
SAMN08708878	SRR6832714	1
SAMN08708877	SRR6832715	1
SAMN08708874	SRR6832718	1
SAMN08708872	SRR6832733	1
SAMN08708871	SRR6832732	1
SAMN08708869	SRR6832734	1
SAMN08708863	SRR6832740	1
SAMN08708862	SRR6832578	1
SAMN08708860	SRR6832582	1
SAMN08708856	SRR6832586	1
SAMN08708853	SRR6832585	1
SAMN08708851	SRR6832796	1
SAMN08708848	SRR6832799	1
SAMN08708847	SRR6832798	1
SAMN08708846	SRR6832387	1
SAMN08708843	SRR6832384	1
SAMN08708842	SRR6832730	1
SAMN08708839	SRR6832727	1
SAMN08708838	SRR6832728	1
SAMN08708837	SRR6832729	1
SAMN08708836	SRR6832722	1
SAMN08708834	SRR6832724	1
SAMN08708833	SRR6832725	1
SAMN08708831	SRR6832682	1
SAMN08708829	SRR6832688	1
SAMN08708828	SRR6832691	1
SAMN08708827	SRR6832690	1
SAMN08708826	SRR6832685	1
SAMN08708824	SRR6832687	1
SAMN08708823	SRR6832686	1
SAMN08708820	SRR6832535	1
SAMN08708818	SRR6832533	1
SAMN08708815	SRR6832532	1
SAMN08708814	SRR6832529	1
SAMN08708813	SRR6832530	1
SAMN08708812	SRR6832811	1
SAMN08708808	SRR6832817	1
SAMN08708807	SRR6832816	1
SAMN08708805	SRR6832814	1
SAMN08708803	SRR6832812	1
SAMN08708801	SRR6832653	1
SAMN08708800	SRR6832654	1
SAMN08708799	SRR6832655	1
SAMN08708798	SRR6832656	1
SAMN08708797	SRR6832657	1
SAMN08708796	SRR6832658	1
SAMN08708795	SRR6832659	1
SAMN08708792	SRR6832577	1
SAMN08708791	SRR6832576	1
SAMN08708788	SRR6832571	1
SAMN08708786	SRR6832573	1
SAMN08708785	SRR6832572	1
SAMN08708781	SRR6832633	1
SAMN08708779	SRR6832333	1
SAMN08708778	SRR6832336	1
SAMN08708777	SRR6832335	1
SAMN08708776	SRR6832338	1
SAMN08708775	SRR6832337	1
SAMN08708774	SRR6832340	1
SAMN08708756	SRR6832000	1
SAMN08708750	SRR6831999	1
SAMN08708749	SRR6831820	1
SAMN08708748	SRR6831821	1
SAMN08708747	SRR6831822	1
SAMN08708744	SRR6831825	1
SAMN08708741	SRR6831828	1
SAMN08708740	SRR6831829	1
SAMN08708739	SRR6832247	1
SAMN08708737	SRR6832245	1
SAMN08708736	SRR6832244	1
SAMN08708735	SRR6832243	1
SAMN08708733	SRR6832241	1
SAMN08708732	SRR6832240	1
SAMN08708731	SRR6832239	1
SAMN08708730	SRR6832238	1
SAMN08708729	SRR6832200	1
SAMN08708727	SRR6832204	1
SAMN08708726	SRR6832205	1
SAMN08708725	SRR6832202	1
SAMN08708722	SRR6832209	1
SAMN08708721	SRR6832206	1
SAMN08708719	SRR6832034	1
SAMN08708718	SRR6832033	1
SAMN08708716	SRR6832187	1
SAMN08708715	SRR6832038	1
SAMN08708712	SRR6832039	1
SAMN08708710	SRR6832041	1
SAMN08708709	SRR6831869	1
SAMN08708708	SRR6831870	1
SAMN08708705	SRR6831888	1
SAMN08708704	SRR6831889	1
SAMN08708702	SRR6831883	1
SAMN08708701	SRR6831841	1
SAMN08708699	SRR6831743	1
SAMN08708697	SRR6831737	1
SAMN08708694	SRR6832030	1
SAMN08708693	SRR6831741	1
SAMN08708692	SRR6832035	1
SAMN08708691	SRR6831739	1
SAMN08708690	SRR6832031	1
SAMN08708689	SRR6831923	1
SAMN08708687	SRR6832289	1
SAMN08708686	SRR6832290	1
SAMN08708684	SRR6832288	1
SAMN08708683	SRR6832285	1
SAMN08708671	SRR6832123	1
SAMN08708665	SRR6831951	1
SAMN08708663	SRR6831953	1
SAMN08708662	SRR6831954	1
SAMN08708650	SRR6831786	1
SAMN08708648	SRR6831884	1
SAMN08708645	SRR6831897	1
SAMN08708642	SRR6831890	1
SAMN08708641	SRR6831893	1
SAMN08708640	SRR6831892	1
SAMN08708639	SRR6832043	1
SAMN08708637	SRR6832057	1
SAMN08708636	SRR6832058	1
SAMN08708633	SRR6832053	1
SAMN08708632	SRR6832054	1
SAMN08708631	SRR6832051	1
SAMN08708629	SRR6832101	1
SAMN08708626	SRR6832212	1
SAMN08708625	SRR6832211	1
SAMN08708624	SRR6832210	1
SAMN08708623	SRR6832088	1
SAMN08708622	SRR6832087	1
SAMN08708621	SRR6832215	1
SAMN08708619	SRR6831921	1
SAMN08708618	SRR6831922	1
SAMN08708616	SRR6831916	1
SAMN08708615	SRR6831800	1
SAMN08708612	SRR6831795	1
SAMN08708611	SRR6831914	1
SAMN08708610	SRR6831797	1
SAMN08708608	SRR6831955	1
SAMN08708607	SRR6831958	1
SAMN08708606	SRR6831957	1
SAMN08708605	SRR6831960	1
SAMN08708604	SRR6831959	1
SAMN08708602	SRR6831961	1
SAMN08708601	SRR6831964	1
SAMN08708599	SRR6832072	1
SAMN08708592	SRR6832135	1
SAMN08708591	SRR6832132	1
SAMN08708590	SRR6832133	1
SAMN08708587	SRR6832298	1
SAMN08708582	SRR6832293	1
SAMN08708581	SRR6832292	1
SAMN08708579	SRR6831757	1
SAMN08708577	SRR6831732	1
SAMN08708576	SRR6831733	1
SAMN08708574	SRR6831740	1
SAMN08708571	SRR6831745	1
SAMN08708569	SRR6832018	1
SAMN08708568	SRR6832017	1
SAMN08708565	SRR6832154	1
SAMN08708562	SRR6832124	1
SAMN08708561	SRR6832119	1
SAMN08708560	SRR6832107	1
SAMN08708558	SRR6832186	1
SAMN08708556	SRR6832184	1
SAMN08708553	SRR6832179	1
SAMN08708552	SRR6832180	1
SAMN08708551	SRR6832177	1
SAMN08708549	SRR6832256	1
SAMN08708548	SRR6832257	1
SAMN08708547	SRR6832250	1
SAMN08708546	SRR6832251	1
SAMN08708545	SRR6832248	1
SAMN08708542	SRR6832255	1
SAMN08708536	SRR6832075	1
SAMN08708535	SRR6832078	1
SAMN08708534	SRR6832077	1
SAMN08708532	SRR6832079	1
SAMN08708531	SRR6832082	1
SAMN08708529	SRR6832150	1
SAMN08708528	SRR6832166	1
SAMN08708526	SRR6832137	1
SAMN08708524	SRR6832139	1
SAMN08708522	SRR6832141	1
SAMN08708520	SRR6832134	1
SAMN08708518	SRR6831965	1
SAMN08708517	SRR6831974	1
SAMN08708516	SRR6831973	1
SAMN08708515	SRR6831972	1
SAMN08708514	SRR6831971	1
SAMN08708511	SRR6831968	1
SAMN08708510	SRR6831967	1
SAMN08708502	SRR6831856	1
SAMN08708501	SRR6831853	1
SAMN08708500	SRR6831854	1
SAMN08708499	SRR6831940	1
SAMN08708497	SRR6831936	1
SAMN08708496	SRR6831935	1
SAMN08708495	SRR6831710	1
SAMN08708494	SRR6831709	1
SAMN08708492	SRR6832299	1
SAMN08708490	SRR6832301	1
SAMN08708488	SRR6832068	1
SAMN08708484	SRR6832066	1
SAMN08708483	SRR6832059	1
SAMN08708480	SRR6832062	1
SAMN08708472	SRR6831881	1
SAMN08708468	SRR6831799	1
SAMN08708465	SRR6831802	1
SAMN08708464	SRR6831803	1
SAMN08708463	SRR6831808	1
SAMN08708460	SRR6831807	1
SAMN08708459	SRR6832217	1
SAMN08708457	SRR6832219	1
SAMN08708456	SRR6832218	1
SAMN08708455	SRR6832221	1
SAMN08708452	SRR6832222	1
SAMN08708450	SRR6832224	1
SAMN08708448	SRR6831755	1
SAMN08708447	SRR6831754	1
SAMN08708446	SRR6831753	1
SAMN08708445	SRR6831752	1
SAMN08708441	SRR6831748	1
SAMN08708438	SRR6832304	1
SAMN08708437	SRR6831906	1
SAMN08708432	SRR6831920	1
SAMN08708430	SRR6831913	1
SAMN08708429	SRR6832143	1
SAMN08708427	SRR6832145	1
SAMN08708425	SRR6832147	1
SAMN08708424	SRR6832146	1
SAMN08708423	SRR6832149	1
SAMN08708422	SRR6832148	1
SAMN08708418	SRR6831708	1
SAMN08708417	SRR6831937	1
SAMN08708414	SRR6831712	1
SAMN08708413	SRR6831717	1
SAMN08708411	SRR6831715	1
SAMN08708410	SRR6831716	1
SAMN08708409	SRR6831819	1
SAMN08708407	SRR6831813	1
SAMN08708405	SRR6831811	1
SAMN08708397	SRR6831979	1
SAMN08708396	SRR6831980	1
SAMN08708395	SRR6831981	1
SAMN08708394	SRR6831982	1
SAMN08708392	SRR6831976	1
SAMN08708384	SRR6832194	1
SAMN08708382	SRR6832188	1
SAMN08708380	SRR6832190	1
SAMN08708379	SRR6831782	1
SAMN08708378	SRR6831783	1
SAMN08708373	SRR6831776	1
SAMN08708372	SRR6831777	1
SAMN08708370	SRR6831775	1
SAMN08708369	SRR6831761	1
SAMN08708368	SRR6831759	1
SAMN08708367	SRR6831868	1
SAMN08708362	SRR6831863	1
SAMN08708361	SRR6831830	1
SAMN08708360	SRR6831765	1
SAMN08708359	SRR6832028	1
SAMN08708358	SRR6832029	1
SAMN08708356	SRR6832020	1
SAMN08708355	SRR6832021	1
SAMN08708354	SRR6832022	1
SAMN08708353	SRR6832023	1
SAMN08708352	SRR6832024	1
SAMN08708351	SRR6832025	1
SAMN08708350	SRR6832026	1
SAMN08708346	SRR6832263	1
SAMN08708345	SRR6832264	1
SAMN08708344	SRR6832265	1
SAMN08708342	SRR6832259	1
SAMN08708340	SRR6832261	1
SAMN08708339	SRR6832098	1
SAMN08708338	SRR6832097	1
SAMN08708337	SRR6832092	1
SAMN08708336	SRR6832091	1
SAMN08708335	SRR6832090	1
SAMN08708333	SRR6832096	1
SAMN08708332	SRR6832095	1
SAMN08708331	SRR6832094	1
SAMN08708330	SRR6832093	1
SAMN08708329	SRR6831925	1
SAMN08708328	SRR6831926	1
SAMN08708324	SRR6831932	1
SAMN08708321	SRR6831927	1
SAMN08708320	SRR6831928	1
SAMN08708319	SRR6831764	1
SAMN08708318	SRR6831763	1
SAMN08708315	SRR6831773	1
SAMN08708314	SRR6831772	1
SAMN08708312	SRR6831766	1
SAMN08708311	SRR6831769	1
SAMN08708309	SRR6832167	1
SAMN08708308	SRR6832168	1
SAMN08708307	SRR6832169	1
SAMN08708306	SRR6832170	1
SAMN08708303	SRR6832173	1
SAMN08708302	SRR6832174	1
SAMN08708301	SRR6832175	1
SAMN08708300	SRR6832176	1
SAMN08708297	SRR6832312	1
SAMN08708296	SRR6832311	1
SAMN08708295	SRR6832310	1
SAMN08708294	SRR6832309	1
SAMN08708292	SRR6832307	1
SAMN08708291	SRR6832306	1
SAMN08708289	SRR6831839	1
SAMN08708286	SRR6831834	1
SAMN08708284	SRR6831832	1
SAMN08708283	SRR6831837	1
SAMN08708281	SRR6831835	1
SAMN08708278	SRR6832280	1
SAMN08708277	SRR6832271	1
SAMN08708276	SRR6832270	1
SAMN08708275	SRR6832273	1
SAMN08708273	SRR6832275	1
SAMN08708272	SRR6832274	1
SAMN08708271	SRR6832277	1
SAMN08708270	SRR6832276	1
SAMN08708269	SRR6832109	1
SAMN08708268	SRR6832110	1
SAMN08708265	SRR6832117	1
SAMN08708264	SRR6832118	1
SAMN08708263	SRR6832111	1
SAMN08708262	SRR6832112	1
SAMN08708261	SRR6832113	1
SAMN08708255	SRR6831942	1
SAMN08708253	SRR6831948	1
SAMN08708252	SRR6831947	1
SAMN08708250	SRR6831945	1
SAMN08708249	SRR6832279	1
SAMN08708248	SRR6832282	1
SAMN08708247	SRR6832045	1
SAMN08708245	SRR6832268	1
SAMN08708244	SRR6832269	1
SAMN08708240	SRR6832048	1
SAMN08708239	SRR6832104	1
SAMN08708238	SRR6832103	1
SAMN08708237	SRR6832074	1
SAMN08708232	SRR6832083	1
SAMN08708229	SRR6831985	1
SAMN08708228	SRR6831986	1
SAMN08708227	SRR6831991	1
SAMN08708226	SRR6831992	1
SAMN08708225	SRR6831993	1
SAMN08708222	SRR6831988	1
SAMN08708221	SRR6831989	1
SAMN08708220	SRR6831990	1
SAMN08708219	SRR6832165	1
SAMN08708218	SRR6832164	1
SAMN08708215	SRR6832156	1
SAMN08708214	SRR6832155	1
SAMN08708213	SRR6832162	1
SAMN08708212	SRR6832161	1
SAMN08708211	SRR6832160	1
SAMN08708210	SRR6832159	1
SAMN08708208	SRR6831731	1
SAMN08708207	SRR6832004	1
SAMN08708206	SRR6831729	1
SAMN08708205	SRR6831726	1
SAMN08708204	SRR6831727	1
SAMN08708201	SRR6831722	1
SAMN08708198	SRR6831879	1
SAMN08708197	SRR6831876	1
SAMN08708196	SRR6831875	1
SAMN08708192	SRR6831871	1
SAMN08708191	SRR6831874	1
SAMN08708190	SRR6831873	1
SAMN08708189	SRR6831851	1
SAMN08708187	SRR6831843	1
SAMN08708186	SRR6831844	1
SAMN08708185	SRR6831845	1
SAMN08708184	SRR6831846	1
SAMN08708183	SRR6831847	1
SAMN08708182	SRR6831848	1
SAMN08708180	SRR6831850	1
SAMN08708179	SRR6832016	1
SAMN08708177	SRR6832014	1
SAMN08708176	SRR6832013	1
SAMN08708175	SRR6832012	1
SAMN08708173	SRR6832010	1
SAMN08708172	SRR6832009	1
SAMN08708171	SRR6832008	1
SAMN08708170	SRR6832007	1
SAMN08708169	SRR6832226	1
SAMN08708168	SRR6832227	1
SAMN08708165	SRR6832229	1
SAMN08708163	SRR6832235	1
SAMN08708162	SRR6832236	1
SAMN08708161	SRR6832233	1
SAMN08708151	SRR6831720	1
SAMN08629585	SRR6797668	1
SAMN08629552	SRR6797783	1
SAMN08629539	SRR6797341	1
SAMN08629530	SRR6797696	1
SAMN08629522	SRR6797482	1
SAMN08629505	SRR6797429	1
SAMN08629499	SRR6797758	1
SAMN08629495	SRR6797754	1
SAMN08629477	SRR6797601	1
SAMN08629463	SRR6797612	1
SAMN08629408	SRR6797346	1
SAMN08629406	SRR6797348	1
SAMN08629401	SRR6797771	1
SAMN08629398	SRR6797778	1
SAMN08629390	SRR6797801	1
SAMN08629379	SRR6797379	1
SAMN08629361	SRR6797287	1
SAMN08629343	SRR6797284	1
SAMN08629326	SRR6797706	1
SAMN08629312	SRR6797293	1
SAMN08629302	SRR6797626	1
SAMN08629293	SRR6797541	1
SAMN08629287	SRR6797722	1
SAMN08629275	SRR6797561	1
SAMN08629248	SRR6797394	1
SAMN08629245	SRR6797389	1
SAMN08629241	SRR6797814	1
SAMN08629213	SRR6797376	1
SAMN08629176	SRR6797323	1
SAMN08629149	SRR6797657	1
SAMN08629147	SRR6797659	1
SAMN08613079	SRR6785414	1
SAMN08613078	SRR6785416	1
SAMN08613077	SRR6785415	1
SAMN08613076	SRR6785303	1
SAMN08613075	SRR6785302	1
SAMN08613074	SRR6785294	1
SAMN08613073	SRR6785293	1
SAMN08613072	SRR6785296	1
SAMN08613071	SRR6785295	1
SAMN08613070	SRR6785298	1
SAMN08613068	SRR6785300	1
SAMN08613067	SRR6785299	1
SAMN08613066	SRR6785425	1
SAMN08613065	SRR6785426	1
SAMN08613064	SRR6785419	1
SAMN08613063	SRR6785420	1
SAMN08613062	SRR6785417	1
SAMN08613061	SRR6785418	1
SAMN08613060	SRR6785423	1
SAMN08613059	SRR6785424	1
SAMN08613058	SRR6785421	1
SAMN08613057	SRR6785422	1
SAMN08613056	SRR6785427	1
SAMN08613055	SRR6785238	1
SAMN08613054	SRR6785253	1
SAMN08613053	SRR6785252	1
SAMN08613052	SRR6785251	1
SAMN08613051	SRR6785250	1
SAMN08613050	SRR6785249	1
SAMN08613049	SRR6785248	1
SAMN08613048	SRR6785247	1
SAMN08613047	SRR6785246	1
SAMN08613046	SRR6785356	1
SAMN08613045	SRR6785357	1
SAMN08613044	SRR6785348	1
SAMN08613043	SRR6785349	1
SAMN08613042	SRR6785350	1
SAMN08613041	SRR6785351	1
SAMN08613040	SRR6785352	1
SAMN08613039	SRR6785353	1
SAMN08613037	SRR6785355	1
SAMN08613036	SRR6785475	1
SAMN08613035	SRR6785474	1
SAMN08613034	SRR6785471	1
SAMN08613033	SRR6785470	1
SAMN08613032	SRR6785473	1
SAMN08613031	SRR6785472	1
SAMN08613030	SRR6785467	1
SAMN08613029	SRR6785466	1
SAMN08613028	SRR6785469	1
SAMN08613027	SRR6785468	1
SAMN08613026	SRR6785173	1
SAMN08613025	SRR6785174	1
SAMN08613024	SRR6785171	1
SAMN08613023	SRR6785172	1
SAMN08613022	SRR6785169	1
SAMN08613021	SRR6785170	1
SAMN08613020	SRR6785167	1
SAMN08613019	SRR6785168	1
SAMN08613018	SRR6785165	1
SAMN08613017	SRR6785166	1
SAMN08613016	SRR6785196	1
SAMN08613015	SRR6785195	1
SAMN08613014	SRR6785190	1
SAMN08613013	SRR6785189	1
SAMN08613012	SRR6785188	1
SAMN08613011	SRR6785187	1
SAMN08613010	SRR6785194	1
SAMN08613009	SRR6785193	1
SAMN08613008	SRR6785192	1
SAMN08613007	SRR6785191	1
SAMN08613005	SRR6785325	1
SAMN08613004	SRR6785320	1
SAMN08613003	SRR6785321	1
SAMN08613002	SRR6785322	1
SAMN08613001	SRR6785323	1
SAMN08613000	SRR6785316	1
SAMN08612999	SRR6785317	1
SAMN08612998	SRR6785318	1
SAMN08612997	SRR6785319	1
SAMN08612996	SRR6785411	1
SAMN08612995	SRR6785410	1
SAMN08612994	SRR6785437	1
SAMN08612992	SRR6785439	1
SAMN08612991	SRR6785438	1
SAMN08612990	SRR6785441	1
SAMN08612989	SRR6785440	1
SAMN08612988	SRR6785413	1
SAMN08612987	SRR6785412	1
SAMN08612986	SRR6785527	1
SAMN08612985	SRR6785528	1
SAMN08612984	SRR6785533	1
SAMN08612983	SRR6785534	1
SAMN08612982	SRR6785531	1
SAMN08612981	SRR6785532	1
SAMN08612980	SRR6785537	1
SAMN08612979	SRR6785538	1
SAMN08612978	SRR6785535	1
SAMN08612977	SRR6785536	1
SAMN08612976	SRR6785256	1
SAMN08612975	SRR6785257	1
SAMN08612974	SRR6785266	1
SAMN08612973	SRR6785267	1
SAMN08612972	SRR6785268	1
SAMN08612971	SRR6785269	1
SAMN08612970	SRR6785262	1
SAMN08612969	SRR6785263	1
SAMN08612968	SRR6785264	1
SAMN08612967	SRR6785265	1
SAMN08612966	SRR6785544	1
SAMN08612965	SRR6785543	1
SAMN08612964	SRR6785445	1
SAMN08612963	SRR6785549	1
SAMN08612962	SRR6785548	1
SAMN08612961	SRR6785547	1
SAMN08612960	SRR6785150	1
SAMN08612959	SRR6785149	1
SAMN08612958	SRR6785148	1
SAMN08612956	SRR6785151	1
SAMN08612955	SRR6785152	1
SAMN08612954	SRR6785244	1
SAMN08612953	SRR6785245	1
SAMN08612952	SRR6785242	1
SAMN08612951	SRR6785243	1
SAMN08612950	SRR6785240	1
SAMN08612949	SRR6785241	1
SAMN08612948	SRR6785301	1
SAMN08612946	SRR6785284	1
SAMN08612945	SRR6785282	1
SAMN08612944	SRR6785281	1
SAMN08612943	SRR6785280	1
SAMN08612942	SRR6785530	1
SAMN08612941	SRR6785529	1
SAMN08612940	SRR6785524	1
SAMN08612939	SRR6785523	1
SAMN08612938	SRR6785526	1
SAMN08612937	SRR6785525	1
SAMN08612936	SRR6785442	1
SAMN08612935	SRR6785443	1
SAMN08612934	SRR6785428	1
SAMN08612933	SRR6785429	1
SAMN08612932	SRR6785430	1
SAMN08612931	SRR6785431	1
SAMN08612930	SRR6785432	1
SAMN08612929	SRR6785433	1
SAMN08612928	SRR6785434	1
SAMN08612927	SRR6785435	1
SAMN08612926	SRR6785306	1
SAMN08612924	SRR6785315	1
SAMN08612923	SRR6785314	1
SAMN08612922	SRR6785313	1
SAMN08612921	SRR6785312	1
SAMN08612920	SRR6785311	1
SAMN08612919	SRR6785310	1
SAMN08612918	SRR6785309	1
SAMN08612917	SRR6785308	1
SAMN08612916	SRR6785177	1
SAMN08612915	SRR6785178	1
SAMN08612914	SRR6785181	1
SAMN08612913	SRR6785182	1
SAMN08612912	SRR6785179	1
SAMN08612911	SRR6785180	1
SAMN08612910	SRR6785185	1
SAMN08612909	SRR6785186	1
SAMN08612908	SRR6785183	1
SAMN08612907	SRR6785184	1
SAMN08612906	SRR6785237	1
SAMN08612904	SRR6785485	1
SAMN08612903	SRR6785484	1
SAMN08612902	SRR6785487	1
SAMN08612901	SRR6785486	1
SAMN08612900	SRR6785489	1
SAMN08612899	SRR6785488	1
SAMN08612898	SRR6785379	1
SAMN08612897	SRR6785378	1
SAMN08612896	SRR6785376	1
SAMN08612895	SRR6785377	1
SAMN08612894	SRR6785372	1
SAMN08612893	SRR6785373	1
SAMN08612892	SRR6785374	1
SAMN08612891	SRR6785375	1
SAMN08612890	SRR6785368	1
SAMN08612889	SRR6785369	1
SAMN08612888	SRR6785370	1
SAMN08612887	SRR6785371	1
SAMN08612886	SRR6785279	1
SAMN08612885	SRR6785278	1
SAMN08612884	SRR6785273	1
SAMN08612883	SRR6785272	1
SAMN08612882	SRR6785271	1
SAMN08612881	SRR6785270	1
SAMN08612880	SRR6785277	1
SAMN08612879	SRR6785276	1
SAMN08612878	SRR6785275	1
SAMN08612877	SRR6785274	1
SAMN08612876	SRR6785359	1
SAMN08612875	SRR6785358	1
SAMN08612874	SRR6785367	1
SAMN08612873	SRR6785366	1
SAMN08612872	SRR6785365	1
SAMN08612871	SRR6785364	1
SAMN08612869	SRR6785362	1
SAMN08612868	SRR6785361	1
SAMN08612867	SRR6785360	1
SAMN08612866	SRR6785490	1
SAMN08612865	SRR6785491	1
SAMN08612864	SRR6785476	1
SAMN08612863	SRR6785477	1
SAMN08612862	SRR6785478	1
SAMN08612861	SRR6785479	1
SAMN08612860	SRR6785480	1
SAMN08612859	SRR6785481	1
SAMN08612858	SRR6785482	1
SAMN08612857	SRR6785483	1
SAMN08612856	SRR6785454	1
SAMN08612855	SRR6785453	1
SAMN08612854	SRR6785446	1
SAMN08612853	SRR6785444	1
SAMN08612852	SRR6785448	1
SAMN08612851	SRR6785447	1
SAMN08612850	SRR6785450	1
SAMN08612849	SRR6785449	1
SAMN08612848	SRR6785452	1
SAMN08612847	SRR6785451	1
SAMN08612846	SRR6785492	1
SAMN08612845	SRR6785336	1
SAMN08612844	SRR6785541	1
SAMN08612843	SRR6785542	1
SAMN08612842	SRR6785539	1
SAMN08612841	SRR6785540	1
SAMN08612840	SRR6785545	1
SAMN08612839	SRR6785546	1
SAMN08612838	SRR6785304	1
SAMN08612837	SRR6785307	1
SAMN08612836	SRR6785198	1
SAMN08612835	SRR6785197	1
SAMN08612834	SRR6785202	1
SAMN08612833	SRR6785201	1
SAMN08612832	SRR6785200	1
SAMN08612831	SRR6785199	1
SAMN08612830	SRR6785206	1
SAMN08612829	SRR6785205	1
SAMN08612828	SRR6785204	1
SAMN08612827	SRR6785203	1
SAMN08612826	SRR6785326	1
SAMN08612825	SRR6785327	1
SAMN08612824	SRR6785332	1
SAMN08612823	SRR6785333	1
SAMN08612822	SRR6785334	1
SAMN08612821	SRR6785335	1
SAMN08612820	SRR6785328	1
SAMN08612819	SRR6785329	1
SAMN08612817	SRR6785331	1
SAMN08612816	SRR6785494	1
SAMN08612815	SRR6785493	1
SAMN08612814	SRR6785500	1
SAMN08612813	SRR6785499	1
SAMN08612812	SRR6785502	1
SAMN08612811	SRR6785501	1
SAMN08612810	SRR6785496	1
SAMN08612809	SRR6785495	1
SAMN08612808	SRR6785498	1
SAMN08612807	SRR6785497	1
SAMN08612805	SRR6785208	1
SAMN08612804	SRR6785215	1
SAMN08612803	SRR6785216	1
SAMN08612802	SRR6785213	1
SAMN08612799	SRR6785212	1
SAMN08612798	SRR6785209	1
SAMN08612797	SRR6785210	1
SAMN08612796	SRR6785176	1
SAMN08612794	SRR6785261	1
SAMN08612793	SRR6785260	1
SAMN08612792	SRR6785259	1
SAMN08612791	SRR6785258	1
SAMN08612790	SRR6785164	1
SAMN08612789	SRR6785163	1
SAMN08612788	SRR6785255	1
SAMN08612787	SRR6785254	1
SAMN08612786	SRR6785390	1
SAMN08612785	SRR6785391	1
SAMN08612784	SRR6785392	1
SAMN08612783	SRR6785393	1
SAMN08612782	SRR6785394	1
SAMN08612781	SRR6785395	1
SAMN08612780	SRR6785396	1
SAMN08612779	SRR6785397	1
SAMN08612778	SRR6785398	1
SAMN08612777	SRR6785399	1
SAMN08612776	SRR6785226	1
SAMN08612775	SRR6785225	1
SAMN08612773	SRR6785223	1
SAMN08612772	SRR6785222	1
SAMN08612771	SRR6785221	1
SAMN08612770	SRR6785220	1
SAMN08612769	SRR6785219	1
SAMN08612768	SRR6785218	1
SAMN08612767	SRR6785217	1
SAMN08612766	SRR6785511	1
SAMN08612765	SRR6785512	1
SAMN08612764	SRR6785503	1
SAMN08612763	SRR6785504	1
SAMN08612762	SRR6785505	1
SAMN08612761	SRR6785506	1
SAMN08612760	SRR6785507	1
SAMN08612759	SRR6785508	1
SAMN08612758	SRR6785509	1
SAMN08612757	SRR6785510	1
SAMN08612756	SRR6785401	1
SAMN08612755	SRR6785400	1
SAMN08612754	SRR6785407	1
SAMN08612753	SRR6785406	1
SAMN08612752	SRR6785409	1
SAMN08612751	SRR6785408	1
SAMN08612750	SRR6785403	1
SAMN08612749	SRR6785402	1
SAMN08612748	SRR6785405	1
SAMN08612747	SRR6785404	1
SAMN08612746	SRR6785337	1
SAMN08612745	SRR6785283	1
SAMN08612744	SRR6785291	1
SAMN08612743	SRR6785292	1
SAMN08612742	SRR6785289	1
SAMN08612741	SRR6785290	1
SAMN08612740	SRR6785287	1
SAMN08612738	SRR6785285	1
SAMN08612737	SRR6785286	1
SAMN08612736	SRR6785154	1
SAMN08612735	SRR6785153	1
SAMN08612734	SRR6785158	1
SAMN08612733	SRR6785157	1
SAMN08612732	SRR6785156	1
SAMN08612731	SRR6785155	1
SAMN08612730	SRR6785162	1
SAMN08612729	SRR6785161	1
SAMN08612728	SRR6785160	1
SAMN08612727	SRR6785159	1
SAMN08612726	SRR6785464	1
SAMN08612725	SRR6785465	1
SAMN08612724	SRR6785460	1
SAMN08612723	SRR6785461	1
SAMN08612722	SRR6785462	1
SAMN08612721	SRR6785463	1
SAMN08612720	SRR6785456	1
SAMN08612719	SRR6785457	1
SAMN08612718	SRR6785458	1
SAMN08612717	SRR6785459	1
SAMN08612716	SRR6785347	1
SAMN08612715	SRR6785346	1
SAMN08612714	SRR6785339	1
SAMN08612713	SRR6785338	1
SAMN08612712	SRR6785341	1
SAMN08612711	SRR6785340	1
SAMN08612710	SRR6785343	1
SAMN08612709	SRR6785342	1
SAMN08612708	SRR6785345	1
SAMN08612707	SRR6785344	1
SAMN08612706	SRR6785235	1
SAMN08612704	SRR6785229	1
SAMN08612703	SRR6785230	1
SAMN08612702	SRR6785227	1
SAMN08612701	SRR6785228	1
SAMN08612700	SRR6785233	1
SAMN08612699	SRR6785234	1
SAMN08612698	SRR6785231	1
SAMN08612697	SRR6785455	1
SAMN08612696	SRR6785514	1
SAMN08612695	SRR6785513	1
SAMN08612694	SRR6785522	1
SAMN08612693	SRR6785521	1
SAMN08612692	SRR6785520	1
SAMN08612691	SRR6785519	1
SAMN08612690	SRR6785518	1
SAMN08612689	SRR6785517	1
SAMN08612687	SRR6785515	1
SAMN08612685	SRR6785380	1
SAMN08612684	SRR6785385	1
SAMN08612683	SRR6785384	1
SAMN08612682	SRR6785383	1
SAMN08612681	SRR6785382	1
SAMN08612680	SRR6785389	1
SAMN08612679	SRR6785388	1
SAMN08612678	SRR6785387	1
SAMN07331233	SRR5817470	1
SAMN07331232	SRR5817471	1
SAMN07331226	SRR5817469	1
SAMN07331214	SRR5817481	1
SAMN08436207	SRR6650304	1
SAMN08436081	SRR6650110	1
SAMN08436075	SRR6650201	1
SAMN08435988	SRR6650186	1
SAMN08379998	SRR6485115	1
SAMN08379997	SRR6485094	1
SAMN08379995	SRR6485092	1
SAMN08379994	SRR6485095	1
SAMN08379992	SRR6484988	1
SAMN08379991	SRR6484985	1
SAMN08379989	SRR6484991	1
SAMN08379988	SRR6484992	1
SAMN08379986	SRR6484871	1
SAMN08379984	SRR6484902	1
SAMN08379983	SRR6484895	1
SAMN08379982	SRR6484894	1
SAMN08379981	SRR6484897	1
SAMN08379980	SRR6484896	1
SAMN08379979	SRR6484899	1
SAMN08379978	SRR6484898	1
SAMN08379977	SRR6484901	1
SAMN08379976	SRR6484900	1
SAMN08379975	SRR6485157	1
SAMN08379974	SRR6485158	1
SAMN08379973	SRR6485163	1
SAMN08379972	SRR6485164	1
SAMN08379971	SRR6485165	1
SAMN08379970	SRR6485166	1
SAMN08379969	SRR6485159	1
SAMN08379968	SRR6485160	1
SAMN08379967	SRR6485161	1
SAMN08379966	SRR6485162	1
SAMN08379965	SRR6485052	1
SAMN08379964	SRR6485051	1
SAMN08379963	SRR6485056	1
SAMN08379962	SRR6485055	1
SAMN08379959	SRR6485060	1
SAMN08379958	SRR6485059	1
SAMN08379957	SRR6485058	1
SAMN08379956	SRR6485057	1
SAMN08379954	SRR6484914	1
SAMN08379952	SRR6484916	1
SAMN08379949	SRR6484921	1
SAMN08379948	SRR6484920	1
SAMN08379947	SRR6484923	1
SAMN08379946	SRR6484922	1
SAMN08379945	SRR6485011	1
SAMN08379944	SRR6485012	1
SAMN08379943	SRR6485015	1
SAMN08379942	SRR6485016	1
SAMN08379941	SRR6485013	1
SAMN08379940	SRR6485014	1
SAMN08379939	SRR6485019	1
SAMN08379938	SRR6485020	1
SAMN08379937	SRR6485017	1
SAMN08379936	SRR6485018	1
SAMN08379935	SRR6485040	1
SAMN08379934	SRR6485039	1
SAMN08379931	SRR6485036	1
SAMN08379930	SRR6485035	1
SAMN08379929	SRR6485034	1
SAMN08379928	SRR6485033	1
SAMN08379927	SRR6485032	1
SAMN08379926	SRR6485031	1
SAMN08379925	SRR6485137	1
SAMN08379924	SRR6485138	1
SAMN08379923	SRR6485139	1
SAMN08379922	SRR6485140	1
SAMN08379921	SRR6485141	1
SAMN08379920	SRR6485142	1
SAMN08379919	SRR6485143	1
SAMN08379918	SRR6485144	1
SAMN08379917	SRR6485145	1
SAMN08379916	SRR6485146	1
SAMN08379915	SRR6484875	1
SAMN08379913	SRR6484881	1
SAMN08379912	SRR6484880	1
SAMN08379910	SRR6484882	1
SAMN08379909	SRR6484877	1
SAMN08379908	SRR6484876	1
SAMN08379907	SRR6484879	1
SAMN08379906	SRR6484878	1
SAMN08379905	SRR6484965	1
SAMN08379904	SRR6484966	1
SAMN08379903	SRR6484973	1
SAMN08379902	SRR6484974	1
SAMN08379901	SRR6484971	1
SAMN08379898	SRR6484970	1
SAMN08379897	SRR6484967	1
SAMN08379896	SRR6484968	1
SAMN08379895	SRR6484990	1
SAMN08379893	SRR6484996	1
SAMN08379892	SRR6484995	1
SAMN08379891	SRR6484994	1
SAMN08379890	SRR6484993	1
SAMN08379889	SRR6485000	1
SAMN08379888	SRR6484999	1
SAMN08379887	SRR6484998	1
SAMN08379886	SRR6484997	1
SAMN08379885	SRR6484964	1
SAMN08379884	SRR6485096	1
SAMN08379883	SRR6485101	1
SAMN08379882	SRR6485102	1
SAMN08379881	SRR6485103	1
SAMN08379878	SRR6485098	1
SAMN08379877	SRR6485099	1
SAMN08379876	SRR6485100	1
SAMN08379875	SRR6484852	1
SAMN08379874	SRR6484851	1
SAMN08379873	SRR6484844	1
SAMN08379872	SRR6484843	1
SAMN08379871	SRR6484846	1
SAMN08379870	SRR6484845	1
SAMN08379868	SRR6484847	1
SAMN08379867	SRR6484850	1
SAMN08379866	SRR6484849	1
SAMN08379865	SRR6484942	1
SAMN08379864	SRR6484943	1
SAMN08379863	SRR6484936	1
SAMN08379862	SRR6484937	1
SAMN08379861	SRR6484934	1
SAMN08379860	SRR6484935	1
SAMN08379859	SRR6491199	1
SAMN08379858	SRR6484941	1
SAMN08379857	SRR6484938	1
SAMN08379856	SRR6484939	1
SAMN08379855	SRR6484912	1
SAMN08379854	SRR6484913	1
SAMN08379853	SRR6484906	1
SAMN08379852	SRR6484907	1
SAMN08379851	SRR6484904	1
SAMN08379850	SRR6484905	1
SAMN08379849	SRR6484910	1
SAMN08379848	SRR6484911	1
SAMN08379847	SRR6484908	1
SAMN08379845	SRR6484832	1
SAMN08379844	SRR6484831	1
SAMN08379843	SRR6485168	1
SAMN08379842	SRR6485167	1
SAMN08379841	SRR6485170	1
SAMN08379840	SRR6485169	1
SAMN08379839	SRR6485127	1
SAMN08379838	SRR6485171	1
SAMN08379837	SRR6484830	1
SAMN08379835	SRR6484862	1
SAMN08379834	SRR6484863	1
SAMN08379833	SRR6484854	1
SAMN08379832	SRR6484855	1
SAMN08379830	SRR6484857	1
SAMN08379829	SRR6484858	1
SAMN08379828	SRR6484859	1
SAMN08379827	SRR6484860	1
SAMN08379826	SRR6484861	1
SAMN08379824	SRR6485126	1
SAMN08379823	SRR6485136	1
SAMN08379822	SRR6485135	1
SAMN08379821	SRR6485134	1
SAMN08379820	SRR6485133	1
SAMN08379819	SRR6485132	1
SAMN08379818	SRR6485131	1
SAMN08379817	SRR6485130	1
SAMN08379815	SRR6485070	1
SAMN08379814	SRR6485071	1
SAMN08379813	SRR6485068	1
SAMN08379812	SRR6485069	1
SAMN08379811	SRR6485066	1
SAMN08379810	SRR6485067	1
SAMN08379809	SRR6485064	1
SAMN08379808	SRR6485065	1
SAMN08379807	SRR6485062	1
SAMN08379806	SRR6485063	1
SAMN08379805	SRR6484963	1
SAMN08379804	SRR6484962	1
SAMN08379803	SRR6484959	1
SAMN08379802	SRR6484958	1
SAMN08379801	SRR6484961	1
SAMN08379800	SRR6484960	1
SAMN08379799	SRR6484955	1
SAMN08379798	SRR6484954	1
SAMN08379797	SRR6484957	1
SAMN08379796	SRR6484956	1
SAMN08379795	SRR6484841	1
SAMN08379794	SRR6484842	1
SAMN08379793	SRR6484837	1
SAMN08379792	SRR6484838	1
SAMN08379790	SRR6484840	1
SAMN08379789	SRR6484833	1
SAMN08379788	SRR6484834	1
SAMN08379787	SRR6484835	1
SAMN08379784	SRR6485080	1
SAMN08379783	SRR6485075	1
SAMN08379782	SRR6485074	1
SAMN08379781	SRR6485073	1
SAMN08379780	SRR6485072	1
SAMN08379778	SRR6485078	1
SAMN08379777	SRR6485077	1
SAMN08379776	SRR6485076	1
SAMN08379775	SRR6485021	1
SAMN08379773	SRR6485025	1
SAMN08379770	SRR6485024	1
SAMN08379769	SRR6485029	1
SAMN08379767	SRR6485027	1
SAMN08379764	SRR6484924	1
SAMN08379763	SRR6484927	1
SAMN08379759	SRR6484931	1
SAMN08379758	SRR6484930	1
SAMN08379756	SRR6484932	1
SAMN08379755	SRR6485001	1
SAMN08379754	SRR6485002	1
SAMN08379749	SRR6485007	1
SAMN08379747	SRR6485009	1
SAMN08379746	SRR6485010	1
SAMN08379745	SRR6485117	1
SAMN08379744	SRR6485116	1
SAMN08379743	SRR6485125	1
SAMN08379742	SRR6485124	1
SAMN08379741	SRR6485123	1
SAMN08379738	SRR6485120	1
SAMN08379737	SRR6485119	1
SAMN08379736	SRR6485118	1
SAMN08379735	SRR6484983	1
SAMN08379734	SRR6484984	1
SAMN08379733	SRR6484981	1
SAMN08379732	SRR6484982	1
SAMN08379731	SRR6484979	1
SAMN08379730	SRR6484980	1
SAMN08379729	SRR6484977	1
SAMN08379728	SRR6484978	1
SAMN08379727	SRR6484975	1
SAMN08379726	SRR6484976	1
SAMN08379725	SRR6485091	1
SAMN08379723	SRR6485087	1
SAMN08379722	SRR6485086	1
SAMN08379721	SRR6485089	1
SAMN08379720	SRR6485088	1
SAMN08379719	SRR6485083	1
SAMN08379718	SRR6485082	1
SAMN08379716	SRR6485084	1
SAMN08379715	SRR6485147	1
SAMN08379714	SRR6485148	1
SAMN08379713	SRR6485153	1
SAMN08379712	SRR6485154	1
SAMN08379711	SRR6485155	1
SAMN08379710	SRR6485156	1
SAMN08379709	SRR6485149	1
SAMN08379708	SRR6485150	1
SAMN08379707	SRR6485151	1
SAMN08379706	SRR6485152	1
SAMN08379703	SRR6484887	1
SAMN08379702	SRR6484886	1
SAMN08379701	SRR6484885	1
SAMN08379700	SRR6484884	1
SAMN08379699	SRR6484891	1
SAMN08379698	SRR6484890	1
SAMN08379697	SRR6484889	1
SAMN08379696	SRR6484888	1
SAMN08379694	SRR6484945	1
SAMN08379693	SRR6484948	1
SAMN08379692	SRR6484949	1
SAMN08379691	SRR6484946	1
SAMN08379690	SRR6484947	1
SAMN08379689	SRR6484952	1
SAMN08379688	SRR6484953	1
SAMN08379686	SRR6484951	1
SAMN08379685	SRR6485042	1
SAMN08379684	SRR6485041	1
SAMN08379682	SRR6485043	1
SAMN08379681	SRR6485046	1
SAMN08379679	SRR6485048	1
SAMN08379678	SRR6485047	1
SAMN08379677	SRR6485050	1
SAMN08379676	SRR6485049	1
SAMN08379675	SRR6485113	1
SAMN08379674	SRR6485114	1
SAMN08379672	SRR6485106	1
SAMN08379670	SRR6485108	1
SAMN08379669	SRR6485109	1
SAMN08379664	SRR6484873	1
SAMN08379661	SRR6484864	1
SAMN08379659	SRR6484870	1
SAMN08347769	SRR6458439	1
SAMN08347768	SRR6458391	1
SAMN08347767	SRR6458397	1
SAMN08347765	SRR6458432	1
SAMN08347763	SRR6458441	1
SAMN08347755	SRR6458434	1
SAMN08347748	SRR6458447	1
SAMN08347747	SRR6458437	1
SAMN08347745	SRR6458455	1
SAMN08347743	SRR6458420	1
SAMN08347742	SRR6458396	1
SAMN08347735	SRR6458415	1
SAMN08347730	SRR6458410	1
SAMN08347726	SRR6458394	1
SAMN08347725	SRR6458383	1
SAMN08347721	SRR6458387	1
SAMN08347718	SRR6458390	1
SAMN08347713	SRR6458427	1
SAMN08347710	SRR6458424	1
SAMN08347703	SRR6458457	1
SAMN08347701	SRR6458463	1
SAMN08347693	SRR6458400	1
SAMN08143567	SRR6356987	1
SAMN08143498	SRR6356971	1
SAMN04385768	SRR3082126	1
SAMN04385767	SRR3082125	1
SAMN04385753	SRR3082109	1
SAMN04385751	SRR3082106	1
SAMN04385750	SRR3082105	1
SAMN04385743	SRR3082097	1
SAMN04385718	SRR3082070	1
SAMN04385703	SRR3085321	1
SAMN04385701	SRR3085319	1
SAMN04385697	SRR3085315	1
SAMN04385678	SRR3085294	1
SAMN04385677	SRR3085293	1
SAMN04385673	SRR3085288	1
SAMN04385672	SRR3085287	1
SAMN04385671	SRR3085286	1
SAMN04385645	SRR3085257	1
SAMN04385639	SRR3085251	1
SAMN03647315	SRR2100142,SRR2467264	1
SAMN03647262	SRR2100089,SRR2467265	1
SAMN03649075	SRR2101828	1
SAMN03649073	SRR2101826	1
SAMN03649072	SRR2101825	1
SAMN03649069	SRR2101822	1
SAMN03649068	SRR2101821	1
SAMN03649067	SRR2101820	1
SAMN03649062	SRR2101815	1
SAMN03649059	SRR2101812	1
SAMN03649056	SRR2101809	1
SAMN03649054	SRR2101807	1
SAMN03649053	SRR2101806	1
SAMN03649052	SRR2101805	1
SAMN03649048	SRR2101801	1
SAMN03649045	SRR2101798	1
SAMN03649042	SRR2101795	1
SAMN03649040	SRR2101793	1
SAMN03649039	SRR2101792	1
SAMN03649030	SRR2101783	1
SAMN03649027	SRR2101780	1
SAMN03649026	SRR2101779	1
SAMN03649025	SRR2101778	1
SAMN03649016	SRR2101769	1
SAMN03649015	SRR2101768	1
SAMN03649011	SRR2101764	1
SAMN03649010	SRR2101763	1
SAMN03649006	SRR2101759	1
SAMN03649005	SRR2101758	1
SAMN03648990	SRR2101743	1
SAMN03648988	SRR2101741	1
SAMN03648985	SRR2101738	1
SAMN03648984	SRR2101737	1
SAMN03648982	SRR2101735	1
SAMN03648981	SRR2101734	1
SAMN03648980	SRR2101733	1
SAMN03648978	SRR2101731	1
SAMN03648976	SRR2101729	1
SAMN03648974	SRR2101727	1
SAMN03648972	SRR2101725	1
SAMN03648971	SRR2101724	1
SAMN03648970	SRR2101723	1
SAMN03648967	SRR2101720	1
SAMN03648965	SRR2101718	1
SAMN03648964	SRR2101717	1
SAMN03648957	SRR2101710	1
SAMN03648954	SRR2101707	1
SAMN03648948	SRR2101701	1
SAMN03648947	SRR2101700	1
SAMN03648946	SRR2101699	1
SAMN03648945	SRR2101698	1
SAMN03648944	SRR2101697	1
SAMN03648942	SRR2101695	1
SAMN03648941	SRR2101694	1
SAMN03648937	SRR2101690	1
SAMN03648935	SRR2101688	1
SAMN03648933	SRR2101686	1
SAMN03648923	SRR2101676	1
SAMN03648921	SRR2101674	1
SAMN03648920	SRR2101673	1
SAMN03648919	SRR2101672	1
SAMN03648917	SRR2101670	1
SAMN03648916	SRR2101669	1
SAMN03648915	SRR2101668	1
SAMN03648914	SRR2101667	1
SAMN03648912	SRR2101665	1
SAMN03648911	SRR2101664	1
SAMN03648909	SRR2101662	1
SAMN03648908	SRR2101661	1
SAMN03648906	SRR2101659	1
SAMN03648905	SRR2101658	1
SAMN03648904	SRR2101657	1
SAMN03648902	SRR2101655	1
SAMN03648899	SRR2101652	1
SAMN03648897	SRR2101650	1
SAMN03648896	SRR2101649	1
SAMN03648892	SRR2101645	1
SAMN03648889	SRR2101642	1
SAMN03648888	SRR2101641	1
SAMN03648887	SRR2101640	1
SAMN03648886	SRR2101639	1
SAMN03648882	SRR2101635	1
SAMN03648869	SRR2101622	1
SAMN03648867	SRR2101620	1
SAMN03648866	SRR2101619	1
SAMN03648863	SRR2101616	1
SAMN03648861	SRR2101614	1
SAMN03648860	SRR2101613	1
SAMN03648856	SRR2101609	1
SAMN03648853	SRR2101606	1
SAMN03648849	SRR2101602	1
SAMN03648841	SRR2101594	1
SAMN03648840	SRR2101593	1
SAMN03648838	SRR2101591	1
SAMN03648832	SRR2101585	1
SAMN03648831	SRR2101584	1
SAMN03648830	SRR2101583	1
SAMN03648828	SRR2101581	1
SAMN03648826	SRR2101579	1
SAMN03648823	SRR2101576	1
SAMN03648816	SRR2101569	1
SAMN03648814	SRR2101567	1
SAMN03648812	SRR2101565	1
SAMN03648808	SRR2101561	1
SAMN03648803	SRR2101556	1
SAMN03648801	SRR2101554	1
SAMN03648799	SRR2101552	1
SAMN03648792	SRR2101545	1
SAMN03648791	SRR2101544	1
SAMN03648788	SRR2101541	1
SAMN03648785	SRR2101538	1
SAMN03648784	SRR2101537	1
SAMN03648775	SRR2101528	1
SAMN03648770	SRR2101523	1
SAMN03648769	SRR2101522	1
SAMN03648760	SRR2101513	1
SAMN03648756	SRR2101509	1
SAMN03648755	SRR2101508	1
SAMN03648754	SRR2101507	1
SAMN03648748	SRR2101501	1
SAMN03648747	SRR2101500	1
SAMN03648741	SRR2101494	1
SAMN03648740	SRR2101493	1
SAMN03648736	SRR2101489	1
SAMN03648733	SRR2101486	1
SAMN03648731	SRR2101484	1
SAMN03648730	SRR2101483	1
SAMN03648727	SRR2101480	1
SAMN03648726	SRR2101479	1
SAMN03648722	SRR2101475	1
SAMN03648721	SRR2101474	1
SAMN03648716	SRR2101469	1
SAMN03648714	SRR2101467	1
SAMN03648713	SRR2101466	1
SAMN03648707	SRR2101460	1
SAMN03648700	SRR2101453	1
SAMN03648697	SRR2101450	1
SAMN03648696	SRR2101449	1
SAMN03648693	SRR2101446	1
SAMN03648692	SRR2101445	1
SAMN03648689	SRR2101442	1
SAMN03648688	SRR2101441	1
SAMN03648686	SRR2101439	1
SAMN03648684	SRR2101437	1
SAMN03648681	SRR2101434	1
SAMN03648678	SRR2101431	1
SAMN03648675	SRR2101428	1
SAMN03648674	SRR2101427	1
SAMN03648672	SRR2101425	1
SAMN03648666	SRR2101419	1
SAMN03648665	SRR2101418	1
SAMN03648662	SRR2101415	1
SAMN03648661	SRR2101414	1
SAMN03648653	SRR2101406	1
SAMN03648651	SRR2101404	1
SAMN03648646	SRR2101399	1
SAMN03648644	SRR2101397	1
SAMN03648641	SRR2101394	1
SAMN03648638	SRR2101391	1
SAMN03648632	SRR2101385	1
SAMN03648631	SRR2101384	1
SAMN03648629	SRR2101382	1
SAMN03648627	SRR2101380	1
SAMN03648624	SRR2101377	1
SAMN03648622	SRR2101375	1
SAMN03648621	SRR2101374	1
SAMN03648618	SRR2101371	1
SAMN03648617	SRR2101370	1
SAMN03648615	SRR2101368	1
SAMN03648612	SRR2101365	1
SAMN03648611	SRR2101364	1
SAMN03648608	SRR2101361	1
SAMN03648603	SRR2101356	1
SAMN03648591	SRR2101344	1
SAMN03648590	SRR2101343	1
SAMN03648589	SRR2101342	1
SAMN03648587	SRR2101340	1
SAMN03648586	SRR2101339	1
SAMN03648584	SRR2101337	1
SAMN03648583	SRR2101336	1
SAMN03648582	SRR2101335	1
SAMN03648581	SRR2101334	1
SAMN03648580	SRR2101333	1
SAMN03648578	SRR2101331	1
SAMN03648577	SRR2101330	1
SAMN03648576	SRR2101329	1
SAMN03648570	SRR2101323	1
SAMN03648569	SRR2101322	1
SAMN03648568	SRR2101321	1
SAMN03648567	SRR2101320	1
SAMN03648566	SRR2101319	1
SAMN03648565	SRR2101318	1
SAMN03648564	SRR2101317	1
SAMN03648563	SRR2101316	1
SAMN03648561	SRR2101314	1
SAMN03648560	SRR2101313	1
SAMN03648556	SRR2101309	1
SAMN03648554	SRR2101307	1
SAMN03648553	SRR2101306	1
SAMN03648542	SRR2101295	1
SAMN03648541	SRR2101294	1
SAMN03648539	SRR2101292	1
SAMN03648530	SRR2101283	1
SAMN03648526	SRR2101279	1
SAMN03648524	SRR2101277	1
SAMN03648523	SRR2101276	1
SAMN03648522	SRR2101275	1
SAMN03648519	SRR2101272	1
SAMN03648517	SRR2101270	1
SAMN03648516	SRR2101269	1
SAMN03648515	SRR2101268	1
SAMN03648514	SRR2101267	1
SAMN03648513	SRR2101266	1
SAMN03648512	SRR2101265	1
SAMN03648507	SRR2101260	1
SAMN03648504	SRR2101257	1
SAMN03648503	SRR2101256	1
SAMN03648502	SRR2101255	1
SAMN03648501	SRR2101254	1
SAMN03648500	SRR2101253	1
SAMN03648499	SRR2101252	1
SAMN03648498	SRR2101251	1
SAMN03648496	SRR2101249	1
SAMN03648495	SRR2101248	1
SAMN03648494	SRR2101247	1
SAMN03648493	SRR2101246	1
SAMN03648492	SRR2101245	1
SAMN03648491	SRR2101244	1
SAMN03648489	SRR2101242	1
SAMN03648488	SRR2101241	1
SAMN03648486	SRR2101239	1
SAMN03648485	SRR2101238	1
SAMN03648484	SRR2101237	1
SAMN03648483	SRR2101236	1
SAMN03648481	SRR2101234	1
SAMN03648479	SRR2101232	1
SAMN03648478	SRR2101231	1
SAMN03648477	SRR2101230	1
SAMN03648476	SRR2101229	1
SAMN03648474	SRR2101227	1
SAMN03648473	SRR2101226	1
SAMN03648472	SRR2101225	1
SAMN03648471	SRR2101224	1
SAMN03648470	SRR2101223	1
SAMN03648468	SRR2101221	1
SAMN03648466	SRR2101219	1
SAMN03648465	SRR2101218	1
SAMN03648464	SRR2101217	1
SAMN03648463	SRR2101216	1
SAMN03648462	SRR2101215	1
SAMN03648461	SRR2101214	1
SAMN03648460	SRR2101213	1
SAMN03648459	SRR2101212	1
SAMN03648458	SRR2101211	1
SAMN03648457	SRR2101210	1
SAMN03648456	SRR2101209	1
SAMN03648455	SRR2101208	1
SAMN03648454	SRR2101207	1
SAMN03648453	SRR2101206	1
SAMN03648452	SRR2101205	1
SAMN03648451	SRR2101204	1
SAMN03648450	SRR2101203	1
SAMN03648449	SRR2101202	1
SAMN03648448	SRR2101201	1
SAMN03648447	SRR2101200	1
SAMN03648446	SRR2101199	1
SAMN03648445	SRR2101198	1
SAMN03648444	SRR2101197	1
SAMN03648443	SRR2101196	1
SAMN03648442	SRR2101195	1
SAMN03648434	SRR2101187	1
SAMN03648433	SRR2101186	1
SAMN03648432	SRR2101185	1
SAMN03648431	SRR2101184	1
SAMN03648430	SRR2101183	1
SAMN03648429	SRR2101182	1
SAMN03648428	SRR2101181	1
SAMN03648427	SRR2101180	1
SAMN03648426	SRR2101179	1
SAMN03648425	SRR2101178	1
SAMN03648424	SRR2101177	1
SAMN03648423	SRR2101176	1
SAMN03648422	SRR2101175	1
SAMN03648420	SRR2101173	1
SAMN03648419	SRR2101172	1
SAMN03648417	SRR2101170	1
SAMN03648415	SRR2101168	1
SAMN03648414	SRR2101167	1
SAMN03648413	SRR2101166	1
SAMN03648412	SRR2101165	1
SAMN03648410	SRR2101163	1
SAMN03648409	SRR2101162	1
SAMN03648407	SRR2101160	1
SAMN03648406	SRR2101159	1
SAMN03648405	SRR2101158	1
SAMN03648404	SRR2101157	1
SAMN03648403	SRR2101156	1
SAMN03648402	SRR2101155	1
SAMN03648401	SRR2101154	1
SAMN03648400	SRR2101153	1
SAMN03648399	SRR2101152	1
SAMN03648398	SRR2101151	1
SAMN03648397	SRR2101150	1
SAMN03648396	SRR2101149	1
SAMN03648395	SRR2101148	1
SAMN03648394	SRR2101147	1
SAMN03648393	SRR2101146	1
SAMN03648392	SRR2101145	1
SAMN03648391	SRR2101144	1
SAMN03648390	SRR2101143	1
SAMN03648389	SRR2101142	1
SAMN03648388	SRR2101141	1
SAMN03648387	SRR2101140	1
SAMN03648386	SRR2101139	1
SAMN03648385	SRR2101138	1
SAMN03648384	SRR2101137	1
SAMN03648383	SRR2101136	1
SAMN03648382	SRR2101135	1
SAMN03648381	SRR2101134	1
SAMN03648380	SRR2101133	1
SAMN03648379	SRR2101132	1
SAMN03648378	SRR2101131	1
SAMN03648375	SRR2101128	1
SAMN03648374	SRR2101127	1
SAMN03648372	SRR2101125	1
SAMN03648371	SRR2101124	1
SAMN03648369	SRR2101122	1
SAMN03648368	SRR2101121	1
SAMN03648367	SRR2101120	1
SAMN03648366	SRR2101119	1
SAMN03648365	SRR2101118	1
SAMN03648364	SRR2101117	1
SAMN03648363	SRR2101116	1
SAMN03648360	SRR2101113	1
SAMN03648358	SRR2101111	1
SAMN03648357	SRR2101110	1
SAMN03648355	SRR2101108	1
SAMN03648354	SRR2101107	1
SAMN03648353	SRR2101106	1
SAMN03648352	SRR2101105	1
SAMN03648351	SRR2101104	1
SAMN03648350	SRR2101103	1
SAMN03648349	SRR2101102	1
SAMN03648348	SRR2101101	1
SAMN03648347	SRR2101100	1
SAMN03648346	SRR2101099	1
SAMN03648345	SRR2101098	1
SAMN03648344	SRR2101097	1
SAMN03648343	SRR2101096	1
SAMN03648341	SRR2101094	1
SAMN03648340	SRR2101093	1
SAMN03648339	SRR2101092	1
SAMN03648338	SRR2101091	1
SAMN03648337	SRR2101090	1
SAMN03648336	SRR2101089	1
SAMN03648335	SRR2101088	1
SAMN03648309	SRR2101062	1
SAMN03648308	SRR2101061	1
SAMN03648307	SRR2101060	1
SAMN03648306	SRR2101059	1
SAMN03648305	SRR2101058	1
SAMN03648304	SRR2101057	1
SAMN03648303	SRR2101056	1
SAMN03648301	SRR2101054	1
SAMN03648299	SRR2101052	1
SAMN03648295	SRR2101048	1
SAMN03648294	SRR2101047	1
SAMN03648292	SRR2101045	1
SAMN03648291	SRR2101044	1
SAMN03648290	SRR2101043	1
SAMN03648289	SRR2101042	1
SAMN03648288	SRR2101041	1
SAMN03648285	SRR2101038	1
SAMN03648282	SRR2101035	1
SAMN03648280	SRR2101033	1
SAMN03648279	SRR2101032	1
SAMN03648278	SRR2101031	1
SAMN03648277	SRR2101030	1
SAMN03648275	SRR2101028	1
SAMN03648274	SRR2101027	1
SAMN03648273	SRR2101026	1
SAMN03648272	SRR2101025	1
SAMN03648269	SRR2101022	1
SAMN03648267	SRR2101020	1
SAMN03648266	SRR2101019	1
SAMN03648265	SRR2101018	1
SAMN03648264	SRR2101017	1
SAMN03648262	SRR2101015	1
SAMN03648261	SRR2101014	1
SAMN03648260	SRR2101013	1
SAMN03648259	SRR2101012	1
SAMN03648258	SRR2101011	1
SAMN03648257	SRR2101010	1
SAMN03648256	SRR2101009	1
SAMN03648255	SRR2101008	1
SAMN03648254	SRR2101007	1
SAMN03648253	SRR2101006	1
SAMN03648252	SRR2101005	1
SAMN03648251	SRR2101004	1
SAMN03648250	SRR2101003	1
SAMN03648249	SRR2101002	1
SAMN03648248	SRR2101001	1
SAMN03648247	SRR2101000	1
SAMN03648246	SRR2100999	1
SAMN03648242	SRR2100995	1
SAMN03648241	SRR2100994	1
SAMN03648240	SRR2100993	1
SAMN03648239	SRR2100992	1
SAMN03648238	SRR2100991	1
SAMN03648237	SRR2100990	1
SAMN03648236	SRR2100989	1
SAMN03648235	SRR2100988	1
SAMN03648234	SRR2100987	1
SAMN03648233	SRR2100986	1
SAMN03648232	SRR2100985	1
SAMN03648231	SRR2100984	1
SAMN03648230	SRR2100983	1
SAMN03648229	SRR2100982	1
SAMN03648227	SRR2100980	1
SAMN03648226	SRR2100979	1
SAMN03648225	SRR2100978	1
SAMN03648224	SRR2100977	1
SAMN03648223	SRR2100976	1
SAMN03648222	SRR2100975	1
SAMN03648221	SRR2100974	1
SAMN03648220	SRR2100973	1
SAMN03648218	SRR2100971	1
SAMN03648209	SRR2100962	1
SAMN03648208	SRR2100961	1
SAMN03648207	SRR2100960	1
SAMN03648205	SRR2100958	1
SAMN03648204	SRR2100957	1
SAMN03648203	SRR2100956	1
SAMN03648202	SRR2100955	1
SAMN03648200	SRR2100953	1
SAMN03648199	SRR2100952	1
SAMN03648198	SRR2100951	1
SAMN03648196	SRR2100949	1
SAMN03648195	SRR2100948	1
SAMN03648194	SRR2100947	1
SAMN03648193	SRR2100946	1
SAMN03648192	SRR2100945	1
SAMN03648191	SRR2100944	1
SAMN03648190	SRR2100943	1
SAMN03648189	SRR2100942	1
SAMN03648188	SRR2100941	1
SAMN03648187	SRR2100940	1
SAMN03648186	SRR2100939	1
SAMN03648185	SRR2100938	1
SAMN03648184	SRR2100937	1
SAMN03648183	SRR2100936	1
SAMN03648182	SRR2100935	1
SAMN03648181	SRR2100934	1
SAMN03648180	SRR2100933	1
SAMN03648179	SRR2100932	1
SAMN03648178	SRR2100931	1
SAMN03648177	SRR2100930	1
SAMN03648176	SRR2100929	1
SAMN03648175	SRR2100928	1
SAMN03648174	SRR2100927	1
SAMN03648173	SRR2100926	1
SAMN03648171	SRR2100924	1
SAMN03648086	SRR2100913	1
SAMN03648072	SRR2100899	1
SAMN03648036	SRR2100863	1
SAMN03648029	SRR2100856	1
SAMN03647992	SRR2100819	1
SAMN03647991	SRR2100818	1
SAMN03647989	SRR2100816	1
SAMN03647988	SRR2100815	1
SAMN03647986	SRR2100813	1
SAMN03647985	SRR2100812	1
SAMN03647983	SRR2100810	1
SAMN03647982	SRR2100809	1
SAMN03647978	SRR2100805	1
SAMN03647974	SRR2100801	1
SAMN03647973	SRR2100800	1
SAMN03647972	SRR2100799	1
SAMN03647971	SRR2100798	1
SAMN03647970	SRR2100797	1
SAMN03647969	SRR2100796	1
SAMN03647968	SRR2100795	1
SAMN03647967	SRR2100794	1
SAMN03647966	SRR2100793	1
SAMN03647965	SRR2100792	1
SAMN03647964	SRR2100791	1
SAMN03647963	SRR2100790	1
SAMN03647962	SRR2100789	1
SAMN03647961	SRR2100788	1
SAMN03647960	SRR2100787	1
SAMN03647959	SRR2100786	1
SAMN03647958	SRR2100785	1
SAMN03647957	SRR2100784	1
SAMN03647955	SRR2100782	1
SAMN03647954	SRR2100781	1
SAMN03647953	SRR2100780	1
SAMN03647952	SRR2100779	1
SAMN03647951	SRR2100778	1
SAMN03647950	SRR2100777	1
SAMN03647948	SRR2100775	1
SAMN03647947	SRR2100774	1
SAMN03647946	SRR2100773	1
SAMN03647945	SRR2100772	1
SAMN03647944	SRR2100771	1
SAMN03647943	SRR2100770	1
SAMN03647941	SRR2100768	1
SAMN03647940	SRR2100767	1
SAMN03647938	SRR2100765	1
SAMN03647937	SRR2100764	1
SAMN03647936	SRR2100763	1
SAMN03647935	SRR2100762	1
SAMN03647933	SRR2100760	1
SAMN03647932	SRR2100759	1
SAMN03647931	SRR2100758	1
SAMN03647928	SRR2100755	1
SAMN03647926	SRR2100753	1
SAMN03647925	SRR2100752	1
SAMN03647924	SRR2100751	1
SAMN03647923	SRR2100750	1
SAMN03647921	SRR2100748	1
SAMN03647919	SRR2100746	1
SAMN03647918	SRR2100745	1
SAMN03647917	SRR2100744	1
SAMN03647916	SRR2100743	1
SAMN03647914	SRR2100741	1
SAMN03647910	SRR2100737	1
SAMN03647909	SRR2100736	1
SAMN03647907	SRR2100734	1
SAMN03647906	SRR2100733	1
SAMN03647905	SRR2100732	1
SAMN03647904	SRR2100731	1
SAMN03647903	SRR2100730	1
SAMN03647902	SRR2100729	1
SAMN03647901	SRR2100728	1
SAMN03647899	SRR2100726	1
SAMN03647898	SRR2100725	1
SAMN03647897	SRR2100724	1
SAMN03647896	SRR2100723	1
SAMN03647895	SRR2100722	1
SAMN03647893	SRR2100720	1
SAMN03647892	SRR2100719	1
SAMN03647891	SRR2100718	1
SAMN03647890	SRR2100717	1
SAMN03647889	SRR2100716	1
SAMN03647888	SRR2100715	1
SAMN03647887	SRR2100714	1
SAMN03647885	SRR2100712	1
SAMN03647884	SRR2100711	1
SAMN03647883	SRR2100710	1
SAMN03647882	SRR2100709	1
SAMN03647877	SRR2100704	1
SAMN03647876	SRR2100703	1
SAMN03647875	SRR2100702	1
SAMN03647874	SRR2100701	1
SAMN03647873	SRR2100700	1
SAMN03647872	SRR2100699	1
SAMN03647871	SRR2100698	1
SAMN03647870	SRR2100697	1
SAMN03647869	SRR2100696	1
SAMN03647868	SRR2100695	1
SAMN03647867	SRR2100694	1
SAMN03647866	SRR2100693	1
SAMN03647865	SRR2100692	1
SAMN03647864	SRR2100691	1
SAMN03647861	SRR2100688	1
SAMN03647858	SRR2100685	1
SAMN03647856	SRR2100683	1
SAMN03647855	SRR2100682	1
SAMN03647854	SRR2100681	1
SAMN03647853	SRR2100680	1
SAMN03647851	SRR2100678	1
SAMN03647850	SRR2100677	1
SAMN03647849	SRR2100676	1
SAMN03647848	SRR2100675	1
SAMN03647847	SRR2100674	1
SAMN03647846	SRR2100673	1
SAMN03647845	SRR2100672	1
SAMN03647844	SRR2100671	1
SAMN03647842	SRR2100669	1
SAMN03647840	SRR2100667	1
SAMN03647839	SRR2100666	1
SAMN03647838	SRR2100665	1
SAMN03647836	SRR2100663	1
SAMN03647835	SRR2100662	1
SAMN03647834	SRR2100661	1
SAMN03647833	SRR2100660	1
SAMN03647832	SRR2100659	1
SAMN03647831	SRR2100658	1
SAMN03647830	SRR2100657	1
SAMN03647829	SRR2100656	1
SAMN03647828	SRR2100655	1
SAMN03647827	SRR2100654	1
SAMN03647826	SRR2100653	1
SAMN03647825	SRR2100652	1
SAMN03647824	SRR2100651	1
SAMN03647823	SRR2100650	1
SAMN03647822	SRR2100649	1
SAMN03647821	SRR2100648	1
SAMN03647820	SRR2100647	1
SAMN03647819	SRR2100646	1
SAMN03647818	SRR2100645	1
SAMN03647817	SRR2100644	1
SAMN03647816	SRR2100643	1
SAMN03647815	SRR2100642	1
SAMN03647813	SRR2100640	1
SAMN03647812	SRR2100639	1
SAMN03647811	SRR2100638	1
SAMN03647809	SRR2100636	1
SAMN03647808	SRR2100635	1
SAMN03647806	SRR2100633	1
SAMN03647804	SRR2100631	1
SAMN03647803	SRR2100630	1
SAMN03647800	SRR2100627	1
SAMN03647799	SRR2100626	1
SAMN03647798	SRR2100625	1
SAMN03647797	SRR2100624	1
SAMN03647796	SRR2100623	1
SAMN03647795	SRR2100622	1
SAMN03647794	SRR2100621	1
SAMN03647793	SRR2100620	1
SAMN03647791	SRR2100618	1
SAMN03647790	SRR2100617	1
SAMN03647789	SRR2100616	1
SAMN03647788	SRR2100615	1
SAMN03647787	SRR2100614	1
SAMN03647786	SRR2100613	1
SAMN03647785	SRR2100612	1
SAMN03647782	SRR2100609	1
SAMN03647780	SRR2100607	1
SAMN03647779	SRR2100606	1
SAMN03647778	SRR2100605	1
SAMN03647777	SRR2100604	1
SAMN03647776	SRR2100603	1
SAMN03647775	SRR2100602	1
SAMN03647773	SRR2100600	1
SAMN03647772	SRR2100599	1
SAMN03647771	SRR2100598	1
SAMN03647770	SRR2100597	1
SAMN03647769	SRR2100596	1
SAMN03647768	SRR2100595	1
SAMN03647767	SRR2100594	1
SAMN03647766	SRR2100593	1
SAMN03647765	SRR2100592	1
SAMN03647764	SRR2100591	1
SAMN03647763	SRR2100590	1
SAMN03647762	SRR2100589	1
SAMN03647761	SRR2100588	1
SAMN03647760	SRR2100587	1
SAMN03647759	SRR2100586	1
SAMN03647758	SRR2100585	1
SAMN03647757	SRR2100584	1
SAMN03647756	SRR2100583	1
SAMN03647755	SRR2100582	1
SAMN03647754	SRR2100581	1
SAMN03647753	SRR2100580	1
SAMN03647752	SRR2100579	1
SAMN03647749	SRR2100576	1
SAMN03647748	SRR2100575	1
SAMN03647747	SRR2100574	1
SAMN03647746	SRR2100573	1
SAMN03647745	SRR2100572	1
SAMN03647743	SRR2100570	1
SAMN03647741	SRR2100568	1
SAMN03647740	SRR2100567	1
SAMN03647739	SRR2100566	1
SAMN03647738	SRR2100565	1
SAMN03647737	SRR2100564	1
SAMN03647736	SRR2100563	1
SAMN03647735	SRR2100562	1
SAMN03647734	SRR2100561	1
SAMN03647733	SRR2100560	1
SAMN03647731	SRR2100558	1
SAMN03647730	SRR2100557	1
SAMN03647729	SRR2100556	1
SAMN03647727	SRR2100554	1
SAMN03647726	SRR2100553	1
SAMN03647725	SRR2100552	1
SAMN03647724	SRR2100551	1
SAMN03647723	SRR2100550	1
SAMN03647721	SRR2100548	1
SAMN03647720	SRR2100547	1
SAMN03647719	SRR2100546	1
SAMN03647718	SRR2100545	1
SAMN03647717	SRR2100544	1
SAMN03647715	SRR2100542	1
SAMN03647713	SRR2100540	1
SAMN03647712	SRR2100539	1
SAMN03647711	SRR2100538	1
SAMN03647709	SRR2100536	1
SAMN03647708	SRR2100535	1
SAMN03647707	SRR2100534	1
SAMN03647706	SRR2100533	1
SAMN03647704	SRR2100531	1
SAMN03647703	SRR2100530	1
SAMN03647702	SRR2100529	1
SAMN03647701	SRR2100528	1
SAMN03647700	SRR2100527	1
SAMN03647699	SRR2100526	1
SAMN03647697	SRR2100524	1
SAMN03647696	SRR2100523	1
SAMN03647692	SRR2100519	1
SAMN03647691	SRR2100518	1
SAMN03647690	SRR2100517	1
SAMN03647689	SRR2100516	1
SAMN03647688	SRR2100515	1
SAMN03647687	SRR2100514	1
SAMN03647686	SRR2100513	1
SAMN03647685	SRR2100512	1
SAMN03647683	SRR2100510	1
SAMN03647682	SRR2100509	1
SAMN03647681	SRR2100508	1
SAMN03647680	SRR2100507	1
SAMN03647679	SRR2100506	1
SAMN03647678	SRR2100505	1
SAMN03647677	SRR2100504	1
SAMN03647676	SRR2100503	1
SAMN03647675	SRR2100502	1
SAMN03647674	SRR2100501	1
SAMN03647673	SRR2100500	1
SAMN03647671	SRR2100498	1
SAMN03647669	SRR2100496	1
SAMN03647668	SRR2100495	1
SAMN03647667	SRR2100494	1
SAMN03647666	SRR2100493	1
SAMN03647665	SRR2100492	1
SAMN03647664	SRR2100491	1
SAMN03647662	SRR2100489	1
SAMN03647661	SRR2100488	1
SAMN03647660	SRR2100487	1
SAMN03647659	SRR2100486	1
SAMN03647658	SRR2100485	1
SAMN03647657	SRR2100484	1
SAMN03647656	SRR2100483	1
SAMN03647653	SRR2100480	1
SAMN03647652	SRR2100479	1
SAMN03647651	SRR2100478	1
SAMN03647650	SRR2100477	1
SAMN03647649	SRR2100476	1
SAMN03647648	SRR2100475	1
SAMN03647647	SRR2100474	1
SAMN03647646	SRR2100473	1
SAMN03647645	SRR2100472	1
SAMN03647644	SRR2100471	1
SAMN03647643	SRR2100470	1
SAMN03647642	SRR2100469	1
SAMN03647641	SRR2100468	1
SAMN03647640	SRR2100467	1
SAMN03647614	SRR2100441	1
SAMN03647557	SRR2100384	1
SAMN03647555	SRR2100382	1
SAMN03647553	SRR2100380	1
SAMN03647552	SRR2100379	1
SAMN03647551	SRR2100378	1
SAMN03647548	SRR2100375	1
SAMN03647546	SRR2100373	1
SAMN03647545	SRR2100372	1
SAMN03647544	SRR2100371	1
SAMN03647538	SRR2100365	1
SAMN03647537	SRR2100364	1
SAMN03647535	SRR2100362	1
SAMN03647534	SRR2100361	1
SAMN03647533	SRR2100360	1
SAMN03647531	SRR2100358	1
SAMN03647530	SRR2100357	1
SAMN03647529	SRR2100356	1
SAMN03647528	SRR2100355	1
SAMN03647521	SRR2100348	1
SAMN03647520	SRR2100347	1
SAMN03647519	SRR2100346	1
SAMN03647518	SRR2100345	1
SAMN03647512	SRR2100339	1
SAMN03647511	SRR2100338	1
SAMN03647510	SRR2100337	1
SAMN03647507	SRR2100334	1
SAMN03647506	SRR2100333	1
SAMN03647503	SRR2100330	1
SAMN03647502	SRR2100329	1
SAMN03647501	SRR2100328	1
SAMN03647500	SRR2100327	1
SAMN03647495	SRR2100322	1
SAMN03647491	SRR2100318	1
SAMN03647490	SRR2100317	1
SAMN03647489	SRR2100316	1
SAMN03647480	SRR2100307	1
SAMN03647478	SRR2100305	1
SAMN03647477	SRR2100304	1
SAMN03647476	SRR2100303	1
SAMN03647475	SRR2100302	1
SAMN03647472	SRR2100299	1
SAMN03647471	SRR2100298	1
SAMN03647470	SRR2100297	1
SAMN03647469	SRR2100296	1
SAMN03647466	SRR2100293	1
SAMN03647465	SRR2100292	1
SAMN03647464	SRR2100291	1
SAMN03647460	SRR2100287	1
SAMN03647459	SRR2100286	1
SAMN03647457	SRR2100284	1
SAMN03647454	SRR2100281	1
SAMN03647453	SRR2100280	1
SAMN03647452	SRR2100279	1
SAMN03647450	SRR2100277	1
SAMN03647449	SRR2100276	1
SAMN03647448	SRR2100275	1
SAMN03647447	SRR2100274	1
SAMN03647446	SRR2100273	1
SAMN03647442	SRR2100269	1
SAMN03647441	SRR2100268	1
SAMN03647439	SRR2100266	1
SAMN03647438	SRR2100265	1
SAMN03647437	SRR2100264	1
SAMN03647436	SRR2100263	1
SAMN03647435	SRR2100262	1
SAMN03647429	SRR2100256	1
SAMN03647428	SRR2100255	1
SAMN03647427	SRR2100254	1
SAMN03647426	SRR2100253	1
SAMN03647425	SRR2100252	1
SAMN03647420	SRR2100247	1
SAMN03647417	SRR2100244	1
SAMN03647416	SRR2100243	1
SAMN03647415	SRR2100242	1
SAMN03647410	SRR2100237	1
SAMN03647409	SRR2100236	1
SAMN03647408	SRR2100235	1
SAMN03647406	SRR2100233	1
SAMN03647405	SRR2100232	1
SAMN03647403	SRR2100230	1
SAMN03647397	SRR2100224	1
SAMN03647396	SRR2100223	1
SAMN03647395	SRR2100222	1
SAMN03647394	SRR2100221	1
SAMN03647387	SRR2100214	1
SAMN03647386	SRR2100213	1
SAMN03647385	SRR2100212	1
SAMN03647384	SRR2100211	1
SAMN03647383	SRR2100210	1
SAMN03647377	SRR2100204	1
SAMN03647375	SRR2100202	1
SAMN03647374	SRR2100201	1
SAMN03647373	SRR2100200	1
SAMN03647372	SRR2100199	1
SAMN03647368	SRR2100195	1
SAMN03647365	SRR2100192	1
SAMN03647364	SRR2100191	1
SAMN03647363	SRR2100190	1
SAMN03647358	SRR2100185	1
SAMN03647357	SRR2100184	1
SAMN03647355	SRR2100182	1
SAMN03647354	SRR2100181	1
SAMN03647347	SRR2100174	1
SAMN03647346	SRR2100173	1
SAMN03647345	SRR2100172	1
SAMN03647344	SRR2100171	1
SAMN03647343	SRR2100170	1
SAMN03647342	SRR2100169	1
SAMN03647338	SRR2100165	1
SAMN03647337	SRR2100164	1
SAMN03647336	SRR2100163	1
SAMN03647335	SRR2100162	1
SAMN03647334	SRR2100161	1
SAMN03647333	SRR2100160	1
SAMN03647328	SRR2100155	1
SAMN03647327	SRR2100154	1
SAMN03647326	SRR2100153	1
SAMN03647325	SRR2100152	1
SAMN03647323	SRR2100150	1
SAMN03647320	SRR2100147	1
SAMN03647319	SRR2100146	1
SAMN03647317	SRR2100144	1
SAMN03647316	SRR2100143	1
SAMN03647314	SRR2100141	1
SAMN03647313	SRR2100140	1
SAMN03647312	SRR2100139	1
SAMN03647310	SRR2100137	1
SAMN03647309	SRR2100136	1
SAMN03647308	SRR2100135,SRR2467266	1
SAMN03647307	SRR2100134	1
SAMN03647306	SRR2100133	1
SAMN03647303	SRR2100130	1
SAMN03647302	SRR2100129	1
SAMN03647301	SRR2100128	1
SAMN03647300	SRR2100127	1
SAMN03647299	SRR2100126	1
SAMN03647298	SRR2100125	1
SAMN03647297	SRR2100124	1
SAMN03647295	SRR2100122	1
SAMN03647294	SRR2100121	1
SAMN03647292	SRR2100119	1
SAMN03647290	SRR2100117	1
SAMN03647289	SRR2100116	1
SAMN03647288	SRR2100115	1
SAMN03647287	SRR2100114	1
SAMN03647286	SRR2100113	1
SAMN03647285	SRR2100112	1
SAMN03647284	SRR2100111	1
SAMN03647282	SRR2100109	1
SAMN03647280	SRR2100107	1
SAMN03647279	SRR2100106	1
SAMN03647278	SRR2100105	1
SAMN03647277	SRR2100104	1
SAMN03647275	SRR2100102	1
SAMN03647273	SRR2100100	1
SAMN03647271	SRR2100098	1
SAMN03647269	SRR2100096	1
SAMN03647268	SRR2100095	1
SAMN03647267	SRR2100094	1
SAMN03647266	SRR2100093	1
SAMN03647264	SRR2100091	1
SAMN03647263	SRR2100090	1
SAMN03647261	SRR2100088	1
SAMN03647260	SRR2100087	1
SAMN03647258	SRR2100085	1
SAMN03647257	SRR2100084	1
SAMN03647256	SRR2100083	1
SAMN03647254	SRR2100081	1
SAMN03647252	SRR2100079	1
SAMN03647251	SRR2100078	1
SAMN03647250	SRR2100077	1
SAMN03647249	SRR2100076	1
SAMN03647246	SRR2100073	1
SAMN03647243	SRR2100070	1
SAMN03647242	SRR2100069	1
SAMN03647241	SRR2100068	1
SAMN03647239	SRR2100066	1
SAMN03647236	SRR2100063	1
SAMN03647234	SRR2100061	1
SAMN03647232	SRR2100059	1
SAMN03647230	SRR2100057	1
SAMN03647229	SRR2100056	1
SAMN03647227	SRR2100054	1
SAMN03647226	SRR2100053	1
SAMN03647225	SRR2100052	1
SAMN03647224	SRR2100051	1
SAMN03647223	SRR2100050	1
SAMN03647222	SRR2100049	1
SAMN03647221	SRR2100048	1
SAMN03647220	SRR2100047	1
SAMN03647219	SRR2100046	1
SAMN03647218	SRR2100045	1
SAMN03647216	SRR2100043	1
SAMN03647215	SRR2100042	1
SAMN03647214	SRR2100041	1
SAMN03647213	SRR2100040	1
SAMN03647212	SRR2100039	1
SAMN03647211	SRR2100038	1
SAMN03647210	SRR2100037	1
SAMN03647209	SRR2100036	1
SAMN03647208	SRR2100035	1
SAMN03647207	SRR2100034	1
SAMN03647206	SRR2100033	1
SAMN03647203	SRR2100030	1
SAMN03647202	SRR2100029	1
SAMN03647201	SRR2100028	1
SAMN03647200	SRR2100027	1
SAMN03647198	SRR2100025	1
SAMN03647197	SRR2100024	1
SAMN03647196	SRR2100023	1
SAMN03647195	SRR2100022	1
SAMN03647193	SRR2100020	1
SAMN03647192	SRR2100019	1
SAMN03647191	SRR2100018	1
SAMN03647190	SRR2100017	1
SAMN03647187	SRR2100014	1
SAMN03647186	SRR2100013	1
SAMN03647185	SRR2100012	1
SAMN03647184	SRR2100011	1
SAMN03647183	SRR2100010	1
SAMN03647182	SRR2100009	1
SAMN03647181	SRR2100008	1
SAMN03647180	SRR2100007	1
SAMN03647177	SRR2100004	1
SAMN03647176	SRR2100003	1
SAMN03647175	SRR2100002	1
SAMN03647174	SRR2100001	1
SAMN03647173	SRR2100000	1
SAMN03647172	SRR2099999	1
SAMN03647171	SRR2099998	1
SAMN03647170	SRR2099997	1
SAMN03647169	SRR2099996	1
SAMN03647168	SRR2099995	1
SAMN03647167	SRR2099994	1
SAMN03647165	SRR2099992	1
SAMN03647164	SRR2099991	1
SAMN03647127	SRR2099954	1
SAMN03647124	SRR2099951	1
SAMN03647123	SRR2099950	1
SAMN03647120	SRR2099947	1
SAMN03647119	SRR2099946	1
SAMN03647117	SRR2099944	1
SAMN03647116	SRR2099943	1
SAMN03647115	SRR2099942	1
SAMN03647113	SRR2099940	1
SAMN03647112	SRR2099939	1
SAMN03647111	SRR2099938	1
SAMN03647110	SRR2099937	1
SAMN03647108	SRR2099935	1
SAMN03647105	SRR2099932	1
SAMN03647104	SRR2099931	1
SAMN03647102	SRR2099929	1
SAMN03647101	SRR2099928	1
SAMN03647100	SRR2099927	1
SAMN03647099	SRR2099926	1
SAMN03647097	SRR2099924	1
SAMN02419635	SRR1163184,SRR1166921,SRR1169064,SRR1172454	1
SAMN02414989	SRR1162726,SRR1165527,SRR1165586,SRR1166938	1
SAMN02414988	SRR1162755,SRR1165507,SRR1165568,SRR1166823	1
SAMN02414987	SRR1162754,SRR1165481,SRR1165599,SRR1166805	1
SAMN02414986	SRR1162870,SRR1162959,SRR1165500,SRR1165559	1
SAMN02414983	SRR1162888,SRR1165453,SRR1166877,SRR1167073	1
SAMN02414982	SRR1162803,SRR1162868,SRR1165478,SRR1165558	1
SAMN02414981	SRR1162880,SRR1162992,SRR1165419,SRR1167152	1
SAMN02414980	SRR1162843,SRR1163032,SRR1165480,SRR1165595	1
SAMN02414977	SRR1163142,SRR1163413,SRR1165372,SRR1167061	1
SAMN02414976	SRR1162878,SRR1165446,SRR1166937,SRR1167075	1
SAMN02414975	SRR1162812,SRR1165377,SRR1166919,SRR1167114	1
SAMN02414972	SRR1162848,SRR1165437,SRR1166870,SRR1167080	1
SAMN02414971	SRR1162861,SRR1163223,SRR1165532,SRR1165590	1
SAMN02414970	SRR1162897,SRR1165366,SRR1166935,SRR1167151	1
SAMN02414968	SRR1163031,SRR1163219,SRR1165394,SRR1167079	1
SAMN02414967	SRR1162811,SRR1165502,SRR1165604,SRR1166869	1
SAMN02414964	SRR1163462,SRR1163483,SRR1165376,SRR1167138	1
SAMN02414963	SRR1162825,SRR1165516,SRR1165581,SRR1166820	1
SAMN02414960	SRR1162819,SRR1162876,SRR1165526,SRR1165598	1
SAMN02414959	SRR1162873,SRR1163234,SRR1165504,SRR1165594	1
SAMN02414958	SRR1163294,SRR1163419,SRR1165436,SRR1167092	1
SAMN02414955	SRR1163288,SRR1163345,SRR1165515,SRR1165585	1
SAMN02414954	SRR1162829,SRR1165541,SRR1165597,SRR1166875	1
SAMN02414953	SRR1162802,SRR1165529,SRR1165601,SRR1166868	1
SAMN02414952	SRR1162823,SRR1165538,SRR1165567,SRR1166934	1
SAMN02414950	SRR1162842,SRR1165499,SRR1166819,SRR1167134	1
SAMN02414948	SRR1162867,SRR1162877,SRR1165457,SRR1167058	1
SAMN02414946	SRR1162884,SRR1162887,SRR1165444,SRR1167087	1
SAMN02414944	SRR1162708,SRR1165427,SRR1166722,SRR1167113	1
SAMN02414942	SRR1162700,SRR1165543,SRR1165572,SRR1166707	1
SAMN02414941	SRR1162822,SRR1165473,SRR1165580,SRR1166828	1
SAMN02414939	SRR1162886,SRR1165525,SRR1165557,SRR1166926	1
SAMN02414938	SRR1162836,SRR1165369,SRR1166804,SRR1167099	1
SAMN02414877	SRR1162828,SRR1165512,SRR1165592,SRR1166922	1
SAMN02414858	SRR1162695,SRR1165524,SRR1165549,SRR1166879	1
SAMN02414857	SRR1162725,SRR1165503,SRR1165593,SRR1166714	1
SAMN02414855	SRR1162833,SRR1163107,SRR1165403,SRR1167097	1
SAMN02414854	SRR1162753,SRR1165498,SRR1165589,SRR1166711	1
SAMN02414851	SRR1162709,SRR1165535,SRR1165553,SRR1166864	1
SAMN02414846	SRR1162739,SRR1165468,SRR1166865,SRR1167123	1
SAMN02414845	SRR1162699,SRR1165469,SRR1165596,SRR1166713	1
SAMN02414934	SRR1144832,SRR1146302,SRR1162826,SRR1166924	1
SAMN02414931	SRR1144830,SRR1146373,SRR1162801,SRR1166874	1
SAMN02414930	SRR1144784,SRR1146330,SRR1162796,SRR1166925	1
SAMN02414923	SRR1144804,SRR1146278,SRR1163141,SRR1163300	1
SAMN02414921	SRR1144770,SRR1146315,SRR1163024,SRR1163176	1
SAMN02414919	SRR1144798,SRR1146376,SRR1163094,SRR1163490	1
SAMN02414918	SRR1144735,SRR1146421,SRR1163015,SRR1163040	1
SAMN02414917	SRR1144811,SRR1146349,SRR1162854,SRR1163230	1
SAMN02414916	SRR1144810,SRR1146417,SRR1162881,SRR1163087	1
SAMN02414902	SRR1144775,SRR1146294,SRR1162853,SRR1163003	1
SAMN02414901	SRR1144739,SRR1146364,SRR1162954,SRR1163425	1
SAMN02414900	SRR1144756,SRR1146378,SRR1163039,SRR1163448	1
SAMN02414899	SRR1144792,SRR1146306,SRR1163110,SRR1163174	1
SAMN02414897	SRR1144726,SRR1146314,SRR1162834,SRR1166815	1
SAMN02414890	SRR1144816,SRR1146359,SRR1163327,SRR1163344	1
SAMN02414887	SRR1144785,SRR1146301,SRR1163093,SRR1163179	1
SAMN02414883	SRR1144724,SRR1146300,SRR1163351,SRR1163424	1
SAMN02414881	SRR1144828,SRR1146381,SRR1162969,SRR1163008	1
SAMN02414878	SRR1144755,SRR1146283,SRR1163339,SRR1163381	1
SAMN02414873	SRR1144833,SRR1146289,SRR1162968,SRR1163085	1
SAMN02414870	SRR1144789,SRR1146416,SRR1163051,SRR1163146	1
SAMN02414865	SRR1144794,SRR1146379,SRR1162795,SRR1162845	1
SAMN02414864	SRR1144782,SRR1146324,SRR1163075,SRR1163355	1
SAMN43780519	SRR30673576	1
SAMN43780528	SRR30673572	1
SAMN43780619	SRR30673729	1
SAMN41685555	SRR29289275	1
SAMN41685565	SRR29289365	1
SAMN41685650	SRR29289357	1
SAMN41685489	SRR29289343	1
SAMN41685622	SRR29289195	1
SAMN41685624	SRR29289193	1
SAMN41685627	SRR29289190	1
SAMN41685630	SRR29289187	1
SAMN41685525	SRR29289339	1
SAMN41685451	SRR29289362	1
SAMN41685561	SRR29289394	1
SAMN27391466	SRR18665456	1
SAMN27391461	SRR18665462	1
SAMN27391444	SRR18665480	1
SAMN43779868	SRR30673629	1
SAMN43779869	SRR30673486	1
SAMN43779882	SRR30673355	1
SAMN43779883	SRR30673344	1
SAMN43779888	SRR30673161	1
SAMN43779913	SRR30673406	1
SAMN43779910	SRR30673270	1
SAMN43779919	SRR30673596	1
SAMN43779931	SRR30673069	1
SAMN43779929	SRR30673758	1
SAMN43779937	SRR30673557	1
SAMN43779957	SRR30673186	1
SAMN43779986	SRR30673374	1
SAMN43779987	SRR30673373	1
SAMN43779992	SRR30673368	1
SAMN41725869	SRR29356747	1
SAMN41725893	SRR29356817	1
SAMN41725909	SRR29356703	1
SAMN41725936	SRR29356674	1
SAMN41725952	SRR29356720	1
SAMN41725981	SRR29356656	1
SAMN43779875	SRR30673569	1
SAMN43780343	SRR30673121	1
SAMN43780345	SRR30673119	1
SAMN43780358	SRR30673105	1
SAMN43780370	SRR30673604	1
SAMN43780377	SRR30673597	1
SAMN43780415	SRR30673081	1
SAMN43780416	SRR30673080	1
SAMN43780418	SRR30673078	1
SAMN43780424	SRR30673070	1
SAMN43780425	SRR30673251	1
SAMN43780429	SRR30673247	1
SAMN43780430	SRR30673246	1
SAMN43780433	SRR30673243	1
SAMN43780334	SRR30673131	1
SAMN43780335	SRR30673130	1
SAMN43780337	SRR30673127	1
SAMN43780338	SRR30673126	1
SAMN41667034	SRR29274786	1
SAMN41667036	SRR29274764	1
SAMN41667050	SRR29274776	1
SAMN41667056	SRR29274768	1
SAMN41667063	SRR29274760	1
SAMN41667087	SRR29274731	1
SAMN41667092	SRR29274754	1
SAMN43780005	SRR30673353	1
SAMN43780023	SRR30673336	1
SAMN43780025	SRR30673334	1
SAMN43780064	SRR30673149	1
SAMN43780028	SRR30673330	1
SAMN43780065	SRR30673148	1
SAMN43780081	SRR30673645	1
SAMN41772179	SRR29341494	1
SAMN41772184	SRR29341488	1
SAMN41772187	SRR29341485	1
SAMN41772192	SRR29341479	1
SAMN41772196	SRR29341475	1
SAMN41772198	SRR29341473	1
SAMN41772207	SRR29341463	1
SAMN41772231	SRR29341586	1
SAMN41772233	SRR29341584	1
SAMN41772245	SRR29341535	1
SAMN41772249	SRR29341531	1
SAMN41772251	SRR29341608	1
SAMN41772254	SRR29341569	1
SAMN43780095	SRR30673632	1
SAMN43780075	SRR30673138	1
SAMN43780037	SRR30673323	1
SAMN43780106	SRR30673624	1
SAMN43780437	SRR30673239	1
SAMN43780439	SRR30673237	1
SAMN43780442	SRR30673234	1
SAMN43780447	SRR30673228	1
SAMN43780450	SRR30673225	1
SAMN43780452	SRR30673223	1
SAMN43780490	SRR30673063	1
SAMN43780496	SRR30673056	1
SAMN43780499	SRR30673053	1
SAMN43780632	SRR30673718	1
SAMN43780648	SRR30673209	1
SAMN43780664	SRR30673194	1
SAMN43780666	SRR30673190	1
SAMN43780624	SRR30673726	1
SAMN43780626	SRR30673724	1
SAMN43780677	SRR30673668	1
SAMN43780682	SRR30673663	1
SAMN43780576	SRR30673697	1
SAMN43780691	SRR30673657	1
